2025-01-08,19,44,37,0,None,E13,C1B,-6.022000000000E0,None,None
2025-01-08,19,44,37,0,None,E15,C1B,-8.059000000000E0,None,None
2025-01-08,19,44,37,0,None,E27,C1B,-5.110000000000E0,None,None
2025-01-08,19,44,38,0,None,E13,C1B,-8.738000000000E0,None,None
2025-01-08,19,44,38,0,None,E15,C1B,-1.041800000000E1,None,None
2025-01-08,19,44,38,0,None,E27,C1B,-9.471000000000E0,None,None
2025-01-08,19,44,39,0,None,E13,C1B,-6.754000000000E0,None,None
2025-01-08,19,44,39,0,None,E15,C1B,-7.451000000000E0,None,None
2025-01-08,19,44,39,0,None,E27,C1B,-8.899000000000E0,None,None
2025-01-08,19,44,40,0,None,E13,C1B,-8.220000000000E0,None,None
2025-01-08,19,44,40,0,None,E15,C1B,-6.736000000000E0,None,None
2025-01-08,19,44,40,0,None,E27,C1B,-5.575000000000E0,None,None
2025-01-08,19,44,41,0,None,E13,C1B,-7.738000000000E0,None,None
2025-01-08,19,44,41,0,None,E15,C1B,-5.986000000000E0,None,None
2025-01-08,19,44,41,0,None,E27,C1B,-3.985000000000E0,None,None
2025-01-08,19,44,42,0,None,E13,C1B,-9.346000000000E0,None,None
2025-01-08,19,44,42,0,None,E15,C1B,-7.237000000000E0,None,None
2025-01-08,19,44,42,0,None,E27,C1B,-4.539000000000E0,None,None
2025-01-08,19,44,43,0,None,E13,C1B,-9.346000000000E0,None,None
2025-01-08,19,44,43,0,None,E15,C1B,-1.184700000000E1,None,None
2025-01-08,19,44,43,0,None,E27,C1B,-6.719000000000E0,None,None
2025-01-08,19,44,44,0,None,E13,C1B,-7.559000000000E0,None,None
2025-01-08,19,44,44,0,None,E15,C1B,-6.934000000000E0,None,None
2025-01-08,19,44,44,0,None,E27,C1B,-9.738000000000E0,None,None
2025-01-08,19,44,45,0,None,E13,C1B,-6.754000000000E0,None,None
2025-01-08,19,44,45,0,None,E15,C1B,-7.880000000000E0,None,None
2025-01-08,19,44,45,0,None,E27,C1B,-1.054300000000E1,None,None
2025-01-08,19,44,46,0,None,E13,C1B,-8.309000000000E0,None,None
2025-01-08,19,44,46,0,None,E15,C1B,-1.004200000000E1,None,None
2025-01-08,19,44,46,0,None,E27,C1B,-5.254000000000E0,None,None
2025-01-08,19,44,47,0,None,E13,C1B,-7.004000000000E0,None,None
2025-01-08,19,44,47,0,None,E15,C1B,-5.861000000000E0,None,None
2025-01-08,19,44,47,0,None,E27,C1B,-1.118600000000E1,None,None
2025-01-08,19,44,48,0,None,E13,C1B,-7.559000000000E0,None,None
2025-01-08,19,44,48,0,None,E15,C1B,-7.595000000000E0,None,None
2025-01-08,19,44,48,0,None,E27,C1B,-9.095000000000E0,None,None
2025-01-08,19,44,49,0,None,E13,C1B,-6.201000000000E0,None,None
2025-01-08,19,44,49,0,None,E15,C1B,-6.576000000000E0,None,None
2025-01-08,19,44,49,0,None,E27,C1B,-6.112000000000E0,None,None
2025-01-08,19,44,50,0,None,E13,C1B,-5.646000000000E0,None,None
2025-01-08,19,44,50,0,None,E15,C1B,-8.648000000000E0,None,None
2025-01-08,19,44,50,0,None,E27,C1B,-7.594000000000E0,None,None
2025-01-08,19,44,51,0,None,E13,C1B,-8.613000000000E0,None,None
2025-01-08,19,44,51,0,None,E15,C1B,-9.006000000000E0,None,None
2025-01-08,19,44,51,0,None,E27,C1B,-7.701000000000E0,None,None
2025-01-08,19,44,52,0,None,E13,C1B,-7.451000000000E0,None,None
2025-01-08,19,44,52,0,None,E15,C1B,-8.469000000000E0,None,None
2025-01-08,19,44,52,0,None,E27,C1B,-9.506000000000E0,None,None
2025-01-08,19,44,53,0,None,E13,C1B,-8.112000000000E0,None,None
2025-01-08,19,44,53,0,None,E15,C1B,-7.845000000000E0,None,None
2025-01-08,19,44,53,0,None,E27,C1B,-1.075800000000E1,None,None
2025-01-08,19,44,54,0,None,E13,C1B,-9.345000000000E0,None,None
2025-01-08,19,44,54,0,None,E15,C1B,-8.291000000000E0,None,None
2025-01-08,19,44,54,0,None,E27,C1B,-9.096000000000E0,None,None
2025-01-08,19,44,55,0,None,E13,C1B,-8.506000000000E0,None,None
2025-01-08,19,44,55,0,None,E15,C1B,-7.773000000000E0,None,None
2025-01-08,19,44,55,0,None,E27,C1B,-9.131000000000E0,None,None
2025-01-08,19,44,56,0,None,E13,C1B,-8.327000000000E0,None,None
2025-01-08,19,44,56,0,None,E15,C1B,-9.631000000000E0,None,None
2025-01-08,19,44,56,0,None,E27,C1B,-6.362000000000E0,None,None
2025-01-08,19,44,57,0,None,E13,C1B,-9.131000000000E0,None,None
2025-01-08,19,44,57,0,None,E15,C1B,-4.789000000000E0,None,None
2025-01-08,19,44,57,0,None,E27,C1B,-4.235000000000E0,None,None
2025-01-08,19,44,58,0,None,E13,C1B,-8.523000000000E0,None,None
2025-01-08,19,44,58,0,None,E15,C1B,-1.040000000000E1,None,None
2025-01-08,19,44,58,0,None,E27,C1B,-1.031100000000E1,None,None
2025-01-08,19,44,59,0,None,E13,C1B,-7.899000000000E0,None,None
2025-01-08,19,44,59,0,None,E15,C1B,-8.810000000000E0,None,None
2025-01-08,19,44,59,0,None,E27,C1B,-6.576000000000E0,None,None
2025-01-08,19,45,00,0,None,E13,C1B,-7.112000000000E0,None,None
2025-01-08,19,45,00,0,None,E15,C1B,-7.433000000000E0,None,None
2025-01-08,19,45,00,0,None,E27,C1B,-8.595000000000E0,None,None
2025-01-08,19,45,01,0,None,E13,C1B,-7.648000000000E0,None,None
2025-01-08,19,45,01,0,None,E15,C1B,-6.808000000000E0,None,None
2025-01-08,19,45,01,0,None,E27,C1B,-1.052500000000E1,None,None
2025-01-08,19,45,02,0,None,E13,C1B,-8.953000000000E0,None,None
2025-01-08,19,45,02,0,None,E15,C1B,-7.790000000000E0,None,None
2025-01-08,19,45,02,0,None,E27,C1B,-7.827000000000E0,None,None
2025-01-08,19,45,03,0,None,E13,C1B,-6.254000000000E0,None,None
2025-01-08,19,45,03,0,None,E15,C1B,-9.024000000000E0,None,None
2025-01-08,19,45,03,0,None,E27,C1B,-8.130000000000E0,None,None
2025-01-08,19,45,04,0,None,E13,C1B,-7.988000000000E0,None,None
2025-01-08,19,45,04,0,None,E15,C1B,-6.862000000000E0,None,None
2025-01-08,19,45,04,0,None,E27,C1B,-7.773000000000E0,None,None
2025-01-08,19,45,05,0,None,E13,C1B,-7.612000000000E0,None,None
2025-01-08,19,45,05,0,None,E15,C1B,-6.558000000000E0,None,None
2025-01-08,19,45,05,0,None,E27,C1B,-9.471000000000E0,None,None
2025-01-08,19,45,06,0,None,E13,C1B,-7.219000000000E0,None,None
2025-01-08,19,45,06,0,None,E15,C1B,-8.041000000000E0,None,None
2025-01-08,19,45,06,0,None,E27,C1B,-3.842000000000E0,None,None
2025-01-08,19,45,07,0,None,E13,C1B,-6.611000000000E0,None,None
2025-01-08,19,45,07,0,None,E15,C1B,-7.130000000000E0,None,None
2025-01-08,19,45,07,0,None,E27,C1B,-8.166000000000E0,None,None
2025-01-08,19,45,08,0,None,E13,C1B,-6.736000000000E0,None,None
2025-01-08,19,45,08,0,None,E15,C1B,-6.987000000000E0,None,None
2025-01-08,19,45,08,0,None,E27,C1B,-7.416000000000E0,None,None
2025-01-08,19,45,09,0,None,E13,C1B,-7.005000000000E0,None,None
2025-01-08,19,45,09,0,None,E15,C1B,-8.595000000000E0,None,None
2025-01-08,19,45,09,0,None,E27,C1B,-9.542000000000E0,None,None
2025-01-08,19,45,10,0,None,E13,C1B,-8.130000000000E0,None,None
2025-01-08,19,45,10,0,None,E15,C1B,-3.324000000000E0,None,None
2025-01-08,19,45,10,0,None,E27,C1B,-5.700000000000E0,None,None
2025-01-08,19,45,11,0,None,E13,C1B,-7.058000000000E0,None,None
2025-01-08,19,45,11,0,None,E15,C1B,-8.184000000000E0,None,None
2025-01-08,19,45,11,0,None,E27,C1B,-4.753000000000E0,None,None
2025-01-08,19,45,12,0,None,E13,C1B,-5.307000000000E0,None,None
2025-01-08,19,45,12,0,None,E15,C1B,-7.577000000000E0,None,None
2025-01-08,19,45,12,0,None,E27,C1B,-5.611000000000E0,None,None
2025-01-08,19,45,13,0,None,E13,C1B,-7.791000000000E0,None,None
2025-01-08,19,45,13,0,None,E15,C1B,-6.486000000000E0,None,None
2025-01-08,19,45,13,0,None,E27,C1B,-9.435000000000E0,None,None
2025-01-08,19,45,14,0,None,E13,C1B,-7.344000000000E0,None,None
2025-01-08,19,45,14,0,None,E15,C1B,-7.076000000000E0,None,None
2025-01-08,19,45,14,0,None,E27,C1B,-5.235000000000E0,None,None
2025-01-08,19,45,15,0,None,E13,C1B,-8.380000000000E0,None,None
2025-01-08,19,45,15,0,None,E15,C1B,-7.040000000000E0,None,None
2025-01-08,19,45,15,0,None,E27,C1B,-8.988000000000E0,None,None
2025-01-08,19,45,16,0,None,E13,C1B,-6.308000000000E0,None,None
2025-01-08,19,45,16,0,None,E15,C1B,-9.882000000000E0,None,None
2025-01-08,19,45,16,0,None,E27,C1B,-7.827000000000E0,None,None
2025-01-08,19,45,17,0,None,E13,C1B,-8.541000000000E0,None,None
2025-01-08,19,45,17,0,None,E15,C1B,-6.165000000000E0,None,None
2025-01-08,19,45,17,0,None,E27,C1B,-7.111000000000E0,None,None
2025-01-08,19,45,18,0,None,E13,C1B,-7.362000000000E0,None,None
2025-01-08,19,45,18,0,None,E15,C1B,-6.594000000000E0,None,None
2025-01-08,19,45,18,0,None,E27,C1B,-5.486000000000E0,None,None
2025-01-08,19,45,19,0,None,E13,C1B,-7.362000000000E0,None,None
2025-01-08,19,45,19,0,None,E15,C1B,-8.166000000000E0,None,None
2025-01-08,19,45,19,0,None,E27,C1B,-7.166000000000E0,None,None
2025-01-08,19,45,20,0,None,E13,C1B,-7.684000000000E0,None,None
2025-01-08,19,45,20,0,None,E15,C1B,-7.433000000000E0,None,None
2025-01-08,19,45,20,0,None,E27,C1B,-9.506000000000E0,None,None
2025-01-08,19,45,21,0,None,E13,C1B,-9.006000000000E0,None,None
2025-01-08,19,45,21,0,None,E15,C1B,-6.701000000000E0,None,None
2025-01-08,19,45,21,0,None,E27,C1B,-8.720000000000E0,None,None
2025-01-08,19,45,22,0,None,E13,C1B,-7.237000000000E0,None,None
2025-01-08,19,45,22,0,None,E15,C1B,-8.023000000000E0,None,None
2025-01-08,19,45,22,0,None,E27,C1B,-8.613000000000E0,None,None
2025-01-08,19,45,23,0,None,E13,C1B,-4.968000000000E0,None,None
2025-01-08,19,45,23,0,None,E15,C1B,-5.950000000000E0,None,None
2025-01-08,19,45,23,0,None,E27,C1B,-5.932000000000E0,None,None
2025-01-08,19,45,24,0,None,E13,C1B,-6.326000000000E0,None,None
2025-01-08,19,45,24,0,None,E15,C1B,-9.685000000000E0,None,None
2025-01-08,19,45,24,0,None,E27,C1B,-6.630000000000E0,None,None
2025-01-08,19,45,25,0,None,E13,C1B,-8.916000000000E0,None,None
2025-01-08,19,45,25,0,None,E15,C1B,-6.558000000000E0,None,None
2025-01-08,19,45,25,0,None,E27,C1B,-5.521000000000E0,None,None
2025-01-08,19,45,26,0,None,E13,C1B,-7.219000000000E0,None,None
2025-01-08,19,45,26,0,None,E15,C1B,-7.648000000000E0,None,None
2025-01-08,19,45,26,0,None,E27,C1B,-6.039000000000E0,None,None
2025-01-08,19,45,27,0,None,E13,C1B,-7.827000000000E0,None,None
2025-01-08,19,45,27,0,None,E15,C1B,-7.880000000000E0,None,None
2025-01-08,19,45,27,0,None,E27,C1B,-9.453000000000E0,None,None
2025-01-08,19,45,28,0,None,E13,C1B,-7.630000000000E0,None,None
2025-01-08,19,45,28,0,None,E15,C1B,-6.719000000000E0,None,None
2025-01-08,19,45,28,0,None,E27,C1B,-9.435000000000E0,None,None
2025-01-08,19,45,29,0,None,E13,C1B,-7.327000000000E0,None,None
2025-01-08,19,45,29,0,None,E15,C1B,-6.754000000000E0,None,None
2025-01-08,19,45,29,0,None,E27,C1B,-6.379000000000E0,None,None
2025-01-08,19,45,30,0,None,E13,C1B,-7.380000000000E0,None,None
2025-01-08,19,45,30,0,None,E15,C1B,-9.292000000000E0,None,None
2025-01-08,19,45,30,0,None,E27,C1B,-4.146000000000E0,None,None
2025-01-08,19,45,31,0,None,E13,C1B,-7.452000000000E0,None,None
2025-01-08,19,45,31,0,None,E15,C1B,-5.540000000000E0,None,None
2025-01-08,19,45,31,0,None,E27,C1B,-1.016700000000E1,None,None
2025-01-08,19,45,32,0,None,E13,C1B,-5.236000000000E0,None,None
2025-01-08,19,45,32,0,None,E15,C1B,-7.844000000000E0,None,None
2025-01-08,19,45,32,0,None,E27,C1B,-6.647000000000E0,None,None
2025-01-08,19,45,33,0,None,E13,C1B,-7.808000000000E0,None,None
2025-01-08,19,45,33,0,None,E15,C1B,-7.969000000000E0,None,None
2025-01-08,19,45,33,0,None,E27,C1B,-6.683000000000E0,None,None
2025-01-08,19,45,34,0,None,E13,C1B,-5.647000000000E0,None,None
2025-01-08,19,45,34,0,None,E15,C1B,-7.576000000000E0,None,None
2025-01-08,19,45,34,0,None,E27,C1B,-4.288000000000E0,None,None
2025-01-08,19,45,35,0,None,E13,C1B,-5.325000000000E0,None,None
2025-01-08,19,45,35,0,None,E15,C1B,-7.934000000000E0,None,None
2025-01-08,19,45,35,0,None,E27,C1B,-7.165000000000E0,None,None
2025-01-08,19,45,36,0,None,E13,C1B,-8.506000000000E0,None,None
2025-01-08,19,45,36,0,None,E15,C1B,-8.791000000000E0,None,None
2025-01-08,19,45,36,0,None,E21,C1B,-7.559000000000E0,None,None
2025-01-08,19,45,36,0,None,E27,C1B,-6.361000000000E0,None,None
2025-01-08,19,45,37,0,None,E13,C1B,-6.915000000000E0,None,None
2025-01-08,19,45,37,0,None,E15,C1B,-4.056000000000E0,None,None
2025-01-08,19,45,37,0,None,E21,C1B,-7.183000000000E0,None,None
2025-01-08,19,45,37,0,None,E27,C1B,-5.182000000000E0,None,None
2025-01-08,19,45,38,0,None,E13,C1B,-9.720000000000E0,None,None
2025-01-08,19,45,38,0,None,E15,C1B,-8.667000000000E0,None,None
2025-01-08,19,45,38,0,None,E21,C1B,-7.862000000000E0,None,None
2025-01-08,19,45,38,0,None,E27,C1B,-5.915000000000E0,None,None
2025-01-08,19,45,39,0,None,E13,C1B,-9.167000000000E0,None,None
2025-01-08,19,45,39,0,None,E15,C1B,-7.916000000000E0,None,None
2025-01-08,19,45,39,0,None,E21,C1B,-7.023000000000E0,None,None
2025-01-08,19,45,39,0,None,E27,C1B,-5.575000000000E0,None,None
2025-01-08,19,45,40,0,None,E13,C1B,-7.702000000000E0,None,None
2025-01-08,19,45,40,0,None,E15,C1B,-7.451000000000E0,None,None
2025-01-08,19,45,40,0,None,E21,C1B,-9.488000000000E0,None,None
2025-01-08,19,45,40,0,None,E27,C1B,-7.630000000000E0,None,None
2025-01-08,19,45,41,0,None,E13,C1B,-8.470000000000E0,None,None
2025-01-08,19,45,41,0,None,E15,C1B,-1.014900000000E1,None,None
2025-01-08,19,45,41,0,None,E21,C1B,-7.112000000000E0,None,None
2025-01-08,19,45,41,0,None,E27,C1B,-3.127000000000E0,None,None
2025-01-08,19,45,42,0,None,E13,C1B,-8.041000000000E0,None,None
2025-01-08,19,45,42,0,None,E15,C1B,-7.219000000000E0,None,None
2025-01-08,19,45,42,0,None,E21,C1B,-8.613000000000E0,None,None
2025-01-08,19,45,42,0,None,E27,C1B,-1.048900000000E1,None,None
2025-01-08,19,45,43,0,None,E13,C1B,-7.076000000000E0,None,None
2025-01-08,19,45,43,0,None,E15,C1B,-5.414000000000E0,None,None
2025-01-08,19,45,43,0,None,E21,C1B,-6.790000000000E0,None,None
2025-01-08,19,45,43,0,None,E27,C1B,-7.612000000000E0,None,None
2025-01-08,19,45,44,0,None,E13,C1B,-8.202000000000E0,None,None
2025-01-08,19,45,44,0,None,E15,C1B,-8.506000000000E0,None,None
2025-01-08,19,45,44,0,None,E21,C1B,-5.004000000000E0,None,None
2025-01-08,19,45,44,0,None,E27,C1B,-6.969000000000E0,None,None
2025-01-08,19,45,45,0,None,E13,C1B,-7.327000000000E0,None,None
2025-01-08,19,45,45,0,None,E15,C1B,-5.218000000000E0,None,None
2025-01-08,19,45,45,0,None,E21,C1B,-5.522000000000E0,None,None
2025-01-08,19,45,45,0,None,E27,C1B,-7.202000000000E0,None,None
2025-01-08,19,45,46,0,None,E13,C1B,-8.470000000000E0,None,None
2025-01-08,19,45,46,0,None,E15,C1B,-9.774000000000E0,None,None
2025-01-08,19,45,46,0,None,E21,C1B,-1.066700000000E1,None,None
2025-01-08,19,45,46,0,None,E27,C1B,-7.648000000000E0,None,None
2025-01-08,19,45,47,0,None,E13,C1B,-7.111000000000E0,None,None
2025-01-08,19,45,47,0,None,E15,C1B,-9.095000000000E0,None,None
2025-01-08,19,45,47,0,None,E21,C1B,-6.916000000000E0,None,None
2025-01-08,19,45,47,0,None,E27,C1B,-9.131000000000E0,None,None
2025-01-08,19,45,48,0,None,E13,C1B,-1.038200000000E1,None,None
2025-01-08,19,45,48,0,None,E15,C1B,-8.595000000000E0,None,None
2025-01-08,19,45,48,0,None,E21,C1B,-7.791000000000E0,None,None
2025-01-08,19,45,48,0,None,E27,C1B,-9.793000000000E0,None,None
2025-01-08,19,45,49,0,None,E13,C1B,-7.666000000000E0,None,None
2025-01-08,19,45,49,0,None,E15,C1B,-6.468000000000E0,None,None
2025-01-08,19,45,49,0,None,E21,C1B,-5.576000000000E0,None,None
2025-01-08,19,45,49,0,None,E27,C1B,-9.399000000000E0,None,None
2025-01-08,19,45,50,0,None,E13,C1B,-6.290000000000E0,None,None
2025-01-08,19,45,50,0,None,E15,C1B,-6.254000000000E0,None,None
2025-01-08,19,45,50,0,None,E21,C1B,-6.361000000000E0,None,None
2025-01-08,19,45,50,0,None,E27,C1B,-5.682000000000E0,None,None
2025-01-08,19,45,51,0,None,E13,C1B,-6.093000000000E0,None,None
2025-01-08,19,45,51,0,None,E15,C1B,-7.970000000000E0,None,None
2025-01-08,19,45,51,0,None,E21,C1B,-6.397000000000E0,None,None
2025-01-08,19,45,51,0,None,E27,C1B,-9.291000000000E0,None,None
2025-01-08,19,45,52,0,None,E13,C1B,-9.435000000000E0,None,None
2025-01-08,19,45,52,0,None,E15,C1B,-8.131000000000E0,None,None
2025-01-08,19,45,52,0,None,E21,C1B,-8.345000000000E0,None,None
2025-01-08,19,45,52,0,None,E27,C1B,-7.755000000000E0,None,None
2025-01-08,19,45,53,0,None,E13,C1B,-8.559000000000E0,None,None
2025-01-08,19,45,53,0,None,E15,C1B,-8.917000000000E0,None,None
2025-01-08,19,45,53,0,None,E21,C1B,-7.416000000000E0,None,None
2025-01-08,19,45,53,0,None,E27,C1B,-6.343000000000E0,None,None
2025-01-08,19,45,54,0,None,E13,C1B,-6.611000000000E0,None,None
2025-01-08,19,45,54,0,None,E15,C1B,-6.933000000000E0,None,None
2025-01-08,19,45,54,0,None,E21,C1B,-8.452000000000E0,None,None
2025-01-08,19,45,54,0,None,E27,C1B,-7.630000000000E0,None,None
2025-01-08,19,45,55,0,None,E13,C1B,-7.416000000000E0,None,None
2025-01-08,19,45,55,0,None,E15,C1B,-6.915000000000E0,None,None
2025-01-08,19,45,55,0,None,E21,C1B,-9.078000000000E0,None,None
2025-01-08,19,45,55,0,None,E27,C1B,-7.166000000000E0,None,None
2025-01-08,19,45,56,0,None,E13,C1B,-8.363000000000E0,None,None
2025-01-08,19,45,56,0,None,E15,C1B,-6.433000000000E0,None,None
2025-01-08,19,45,56,0,None,E21,C1B,-6.844000000000E0,None,None
2025-01-08,19,45,56,0,None,E27,C1B,-5.486000000000E0,None,None
2025-01-08,19,45,57,0,None,E13,C1B,-1.015000000000E1,None,None
2025-01-08,19,45,57,0,None,E15,C1B,-8.773000000000E0,None,None
2025-01-08,19,45,57,0,None,E21,C1B,-6.612000000000E0,None,None
2025-01-08,19,45,57,0,None,E27,C1B,-8.934000000000E0,None,None
2025-01-08,19,45,58,0,None,E13,C1B,-5.932000000000E0,None,None
2025-01-08,19,45,58,0,None,E15,C1B,-5.218000000000E0,None,None
2025-01-08,19,45,58,0,None,E21,C1B,-8.309000000000E0,None,None
2025-01-08,19,45,58,0,None,E27,C1B,-7.701000000000E0,None,None
2025-01-08,19,45,59,0,None,E13,C1B,-7.291000000000E0,None,None
2025-01-08,19,45,59,0,None,E15,C1B,-5.110000000000E0,None,None
2025-01-08,19,45,59,0,None,E21,C1B,-9.452000000000E0,None,None
2025-01-08,19,45,59,0,None,E27,C1B,-7.916000000000E0,None,None
2025-01-08,19,46,00,0,None,E13,C1B,-4.646000000000E0,None,None
2025-01-08,19,46,00,0,None,E15,C1B,-6.629000000000E0,None,None
2025-01-08,19,46,00,0,None,E21,C1B,-7.469000000000E0,None,None
2025-01-08,19,46,00,0,None,E27,C1B,-7.112000000000E0,None,None
2025-01-08,19,46,01,0,None,E13,C1B,-7.862000000000E0,None,None
2025-01-08,19,46,01,0,None,E15,C1B,-6.504000000000E0,None,None
2025-01-08,19,46,01,0,None,E21,C1B,-9.828000000000E0,None,None
2025-01-08,19,46,01,0,None,E27,C1B,-5.235000000000E0,None,None
2025-01-08,19,46,02,0,None,E13,C1B,-4.967000000000E0,None,None
2025-01-08,19,46,02,0,None,E15,C1B,-4.932000000000E0,None,None
2025-01-08,19,46,02,0,None,E21,C1B,-7.898000000000E0,None,None
2025-01-08,19,46,02,0,None,E27,C1B,-1.043600000000E1,None,None
2025-01-08,19,46,03,0,None,E13,C1B,-7.952000000000E0,None,None
2025-01-08,19,46,03,0,None,E15,C1B,-6.862000000000E0,None,None
2025-01-08,19,46,03,0,None,E21,C1B,-8.649000000000E0,None,None
2025-01-08,19,46,03,0,None,E27,C1B,-6.987000000000E0,None,None
2025-01-08,19,46,04,0,None,E13,C1B,-5.718000000000E0,None,None
2025-01-08,19,46,04,0,None,E15,C1B,-9.613000000000E0,None,None
2025-01-08,19,46,04,0,None,E21,C1B,-6.486000000000E0,None,None
2025-01-08,19,46,04,0,None,E27,C1B,-5.843000000000E0,None,None
2025-01-08,19,46,05,0,None,E13,C1B,-5.271000000000E0,None,None
2025-01-08,19,46,05,0,None,E15,C1B,-9.667000000000E0,None,None
2025-01-08,19,46,05,0,None,E21,C1B,-6.523000000000E0,None,None
2025-01-08,19,46,05,0,None,E27,C1B,-9.167000000000E0,None,None
2025-01-08,19,46,06,0,None,E13,C1B,-8.345000000000E0,None,None
2025-01-08,19,46,06,0,None,E15,C1B,-7.916000000000E0,None,None
2025-01-08,19,46,06,0,None,E21,C1B,-9.364000000000E0,None,None
2025-01-08,19,46,06,0,None,E27,C1B,-7.040000000000E0,None,None
2025-01-08,19,46,07,0,None,E13,C1B,-7.505000000000E0,None,None
2025-01-08,19,46,07,0,None,E15,C1B,-7.488000000000E0,None,None
2025-01-08,19,46,07,0,None,E21,C1B,-9.077000000000E0,None,None
2025-01-08,19,46,07,0,None,E27,C1B,-8.166000000000E0,None,None
2025-01-08,19,46,08,0,None,E13,C1B,-7.165000000000E0,None,None
2025-01-08,19,46,08,0,None,E15,C1B,-7.040000000000E0,None,None
2025-01-08,19,46,08,0,None,E21,C1B,-7.058000000000E0,None,None
2025-01-08,19,46,08,0,None,E27,C1B,-7.094000000000E0,None,None
2025-01-08,19,46,09,0,None,E13,C1B,-8.256000000000E0,None,None
2025-01-08,19,46,09,0,None,E15,C1B,-6.808000000000E0,None,None
2025-01-08,19,46,09,0,None,E21,C1B,-7.952000000000E0,None,None
2025-01-08,19,46,09,0,None,E27,C1B,-9.292000000000E0,None,None
2025-01-08,19,46,10,0,None,E13,C1B,-7.219000000000E0,None,None
2025-01-08,19,46,10,0,None,E15,C1B,-9.399000000000E0,None,None
2025-01-08,19,46,10,0,None,E21,C1B,-6.612000000000E0,None,None
2025-01-08,19,46,10,0,None,E27,C1B,-9.971000000000E0,None,None
2025-01-08,19,46,11,0,None,E13,C1B,-6.986000000000E0,None,None
2025-01-08,19,46,11,0,None,E15,C1B,-8.845000000000E0,None,None
2025-01-08,19,46,11,0,None,E21,C1B,-6.326000000000E0,None,None
2025-01-08,19,46,11,0,None,E27,C1B,-5.397000000000E0,None,None
2025-01-08,19,46,12,0,None,E13,C1B,-9.042000000000E0,None,None
2025-01-08,19,46,12,0,None,E15,C1B,-9.864000000000E0,None,None
2025-01-08,19,46,12,0,None,E21,C1B,-5.611000000000E0,None,None
2025-01-08,19,46,12,0,None,E27,C1B,-8.291000000000E0,None,None
2025-01-08,19,46,13,0,None,E13,C1B,-8.934000000000E0,None,None
2025-01-08,19,46,13,0,None,E15,C1B,-1.034600000000E1,None,None
2025-01-08,19,46,13,0,None,E21,C1B,-7.862000000000E0,None,None
2025-01-08,19,46,13,0,None,E27,C1B,-6.147000000000E0,None,None
2025-01-08,19,46,14,0,None,E13,C1B,-7.040000000000E0,None,None
2025-01-08,19,46,14,0,None,E15,C1B,-8.363000000000E0,None,None
2025-01-08,19,46,14,0,None,E21,C1B,-6.486000000000E0,None,None
2025-01-08,19,46,14,0,None,E27,C1B,-6.146000000000E0,None,None
2025-01-08,19,46,15,0,None,E13,C1B,-7.505000000000E0,None,None
2025-01-08,19,46,15,0,None,E15,C1B,-7.808000000000E0,None,None
2025-01-08,19,46,15,0,None,E21,C1B,-7.344000000000E0,None,None
2025-01-08,19,46,15,0,None,E27,C1B,-5.414000000000E0,None,None
2025-01-08,19,46,16,0,None,E13,C1B,-6.183000000000E0,None,None
2025-01-08,19,46,16,0,None,E15,C1B,-7.380000000000E0,None,None
2025-01-08,19,46,16,0,None,E21,C1B,-7.756000000000E0,None,None
2025-01-08,19,46,16,0,None,E27,C1B,-7.541000000000E0,None,None
2025-01-08,19,46,17,0,None,E13,C1B,-8.810000000000E0,None,None
2025-01-08,19,46,17,0,None,E15,C1B,-6.844000000000E0,None,None
2025-01-08,19,46,17,0,None,E21,C1B,-6.773000000000E0,None,None
2025-01-08,19,46,17,0,None,E27,C1B,-8.649000000000E0,None,None
2025-01-08,19,46,18,0,None,E13,C1B,-5.772000000000E0,None,None
2025-01-08,19,46,18,0,None,E15,C1B,-7.577000000000E0,None,None
2025-01-08,19,46,18,0,None,E21,C1B,-8.560000000000E0,None,None
2025-01-08,19,46,18,0,None,E27,C1B,-1.050700000000E1,None,None
2025-01-08,19,46,19,0,None,E13,C1B,-9.095000000000E0,None,None
2025-01-08,19,46,19,0,None,E15,C1B,-5.271000000000E0,None,None
2025-01-08,19,46,19,0,None,E21,C1B,-7.469000000000E0,None,None
2025-01-08,19,46,19,0,None,E27,C1B,-6.879000000000E0,None,None
2025-01-08,19,46,20,0,None,E13,C1B,-6.254000000000E0,None,None
2025-01-08,19,46,20,0,None,E15,C1B,-5.396000000000E0,None,None
2025-01-08,19,46,20,0,None,E21,C1B,-5.057000000000E0,None,None
2025-01-08,19,46,20,0,None,E27,C1B,-6.397000000000E0,None,None
2025-01-08,19,46,21,0,None,E13,C1B,-8.970000000000E0,None,None
2025-01-08,19,46,21,0,None,E15,C1B,-7.022000000000E0,None,None
2025-01-08,19,46,21,0,None,E21,C1B,-8.112000000000E0,None,None
2025-01-08,19,46,21,0,None,E27,C1B,-4.467000000000E0,None,None
2025-01-08,19,46,22,0,None,E13,C1B,-6.683000000000E0,None,None
2025-01-08,19,46,22,0,None,E15,C1B,-8.810000000000E0,None,None
2025-01-08,19,46,22,0,None,E21,C1B,-6.772000000000E0,None,None
2025-01-08,19,46,22,0,None,E27,C1B,-8.649000000000E0,None,None
2025-01-08,19,46,23,0,None,E13,C1B,-6.504000000000E0,None,None
2025-01-08,19,46,23,0,None,E15,C1B,-8.077000000000E0,None,None
2025-01-08,19,46,23,0,None,E21,C1B,-4.789000000000E0,None,None
2025-01-08,19,46,23,0,None,E27,C1B,-5.379000000000E0,None,None
2025-01-08,19,46,24,0,None,E13,C1B,-4.950000000000E0,None,None
2025-01-08,19,46,24,0,None,E15,C1B,-8.344000000000E0,None,None
2025-01-08,19,46,24,0,None,E21,C1B,-8.988000000000E0,None,None
2025-01-08,19,46,24,0,None,E27,C1B,-6.486000000000E0,None,None
2025-01-08,19,46,25,0,None,E13,C1B,-6.593000000000E0,None,None
2025-01-08,19,46,25,0,None,E15,C1B,-6.701000000000E0,None,None
2025-01-08,19,46,25,0,None,E21,C1B,-8.184000000000E0,None,None
2025-01-08,19,46,25,0,None,E27,C1B,-4.824000000000E0,None,None
2025-01-08,19,46,26,0,None,E13,C1B,-8.899000000000E0,None,None
2025-01-08,19,46,26,0,None,E15,C1B,-8.523000000000E0,None,None
2025-01-08,19,46,26,0,None,E21,C1B,-8.148000000000E0,None,None
2025-01-08,19,46,26,0,None,E27,C1B,-6.415000000000E0,None,None
2025-01-08,19,46,27,0,None,E13,C1B,-9.292000000000E0,None,None
2025-01-08,19,46,27,0,None,E15,C1B,-7.362000000000E0,None,None
2025-01-08,19,46,27,0,None,E21,C1B,-1.056100000000E1,None,None
2025-01-08,19,46,27,0,None,E27,C1B,-7.559000000000E0,None,None
2025-01-08,19,46,28,0,None,E13,C1B,-8.273000000000E0,None,None
2025-01-08,19,46,28,0,None,E15,C1B,-7.041000000000E0,None,None
2025-01-08,19,46,28,0,None,E21,C1B,-6.307000000000E0,None,None
2025-01-08,19,46,28,0,None,E27,C1B,-5.576000000000E0,None,None
2025-01-08,19,46,29,0,None,E13,C1B,-8.631000000000E0,None,None
2025-01-08,19,46,29,0,None,E15,C1B,-6.111000000000E0,None,None
2025-01-08,19,46,29,0,None,E21,C1B,-7.934000000000E0,None,None
2025-01-08,19,46,29,0,None,E27,C1B,-8.345000000000E0,None,None
2025-01-08,19,46,30,0,None,E13,C1B,-6.486000000000E0,None,None
2025-01-08,19,46,30,0,None,E15,C1B,-8.702000000000E0,None,None
2025-01-08,19,46,30,0,None,E21,C1B,-4.897000000000E0,None,None
2025-01-08,19,46,30,0,None,E27,C1B,-8.256000000000E0,None,None
2025-01-08,19,46,31,0,None,E13,C1B,-5.540000000000E0,None,None
2025-01-08,19,46,31,0,None,E15,C1B,-6.093000000000E0,None,None
2025-01-08,19,46,31,0,None,E21,C1B,-8.952000000000E0,None,None
2025-01-08,19,46,31,0,None,E27,C1B,-7.773000000000E0,None,None
2025-01-08,19,46,32,0,None,E13,C1B,-5.682000000000E0,None,None
2025-01-08,19,46,32,0,None,E15,C1B,-9.042000000000E0,None,None
2025-01-08,19,46,32,0,None,E21,C1B,-6.432000000000E0,None,None
2025-01-08,19,46,32,0,None,E27,C1B,-9.703000000000E0,None,None
2025-01-08,19,46,33,0,None,E13,C1B,-8.380000000000E0,None,None
2025-01-08,19,46,33,0,None,E15,C1B,-6.468000000000E0,None,None
2025-01-08,19,46,33,0,None,E21,C1B,-6.880000000000E0,None,None
2025-01-08,19,46,33,0,None,E27,C1B,-1.054300000000E1,None,None
2025-01-08,19,46,34,0,None,E13,C1B,-6.004000000000E0,None,None
2025-01-08,19,46,34,0,None,E15,C1B,-8.828000000000E0,None,None
2025-01-08,19,46,34,0,None,E21,C1B,-7.362000000000E0,None,None
2025-01-08,19,46,34,0,None,E27,C1B,-6.522000000000E0,None,None
2025-01-08,19,46,35,0,None,E13,C1B,-6.093000000000E0,None,None
2025-01-08,19,46,35,0,None,E15,C1B,-6.683000000000E0,None,None
2025-01-08,19,46,35,0,None,E21,C1B,-8.988000000000E0,None,None
2025-01-08,19,46,35,0,None,E27,C1B,-9.667000000000E0,None,None
2025-01-08,19,46,36,0,None,E13,C1B,-6.451000000000E0,None,None
2025-01-08,19,46,36,0,None,E15,C1B,-1.052400000000E1,None,None
2025-01-08,19,46,36,0,None,E21,C1B,-7.594000000000E0,None,None
2025-01-08,19,46,36,0,None,E27,C1B,-7.219000000000E0,None,None
2025-01-08,19,46,37,0,None,E13,C1B,-7.683000000000E0,None,None
2025-01-08,19,46,37,0,None,E15,C1B,-6.200000000000E0,None,None
2025-01-08,19,46,37,0,None,E21,C1B,-6.415000000000E0,None,None
2025-01-08,19,46,37,0,None,E27,C1B,-1.052500000000E1,None,None
2025-01-08,19,46,38,0,None,E13,C1B,-8.112000000000E0,None,None
2025-01-08,19,46,38,0,None,E15,C1B,-9.935000000000E0,None,None
2025-01-08,19,46,38,0,None,E21,C1B,-7.987000000000E0,None,None
2025-01-08,19,46,38,0,None,E27,C1B,-3.663000000000E0,None,None
2025-01-08,19,46,39,0,None,E13,C1B,-6.057000000000E0,None,None
2025-01-08,19,46,39,0,None,E15,C1B,-7.362000000000E0,None,None
2025-01-08,19,46,39,0,None,E21,C1B,-7.219000000000E0,None,None
2025-01-08,19,46,39,0,None,E27,C1B,-6.772000000000E0,None,None
2025-01-08,19,46,40,0,None,E13,C1B,-7.701000000000E0,None,None
2025-01-08,19,46,40,0,None,E15,C1B,-6.951000000000E0,None,None
2025-01-08,19,46,40,0,None,E21,C1B,-8.380000000000E0,None,None
2025-01-08,19,46,40,0,None,E27,C1B,-6.933000000000E0,None,None
2025-01-08,19,46,41,0,None,E13,C1B,-8.131000000000E0,None,None
2025-01-08,19,46,41,0,None,E15,C1B,-7.112000000000E0,None,None
2025-01-08,19,46,41,0,None,E21,C1B,-9.221000000000E0,None,None
2025-01-08,19,46,41,0,None,E27,C1B,-6.380000000000E0,None,None
2025-01-08,19,46,42,0,None,E13,C1B,-7.308000000000E0,None,None
2025-01-08,19,46,42,0,None,E15,C1B,-9.041000000000E0,None,None
2025-01-08,19,46,42,0,None,E21,C1B,-8.345000000000E0,None,None
2025-01-08,19,46,42,0,None,E27,C1B,-7.666000000000E0,None,None
2025-01-08,19,46,43,0,None,E13,C1B,-7.737000000000E0,None,None
2025-01-08,19,46,43,0,None,E15,C1B,-5.611000000000E0,None,None
2025-01-08,19,46,43,0,None,E21,C1B,-9.274000000000E0,None,None
2025-01-08,19,46,43,0,None,E27,C1B,-7.380000000000E0,None,None
2025-01-08,19,46,44,0,None,E13,C1B,-6.022000000000E0,None,None
2025-01-08,19,46,44,0,None,E15,C1B,-7.970000000000E0,None,None
2025-01-08,19,46,44,0,None,E21,C1B,-7.415000000000E0,None,None
2025-01-08,19,46,44,0,None,E27,C1B,-1.048900000000E1,None,None
2025-01-08,19,46,45,0,None,E13,C1B,-8.130000000000E0,None,None
2025-01-08,19,46,45,0,None,E15,C1B,-7.720000000000E0,None,None
2025-01-08,19,46,45,0,None,E21,C1B,-8.059000000000E0,None,None
2025-01-08,19,46,45,0,None,E27,C1B,-7.219000000000E0,None,None
2025-01-08,19,46,46,0,None,E13,C1B,-7.898000000000E0,None,None
2025-01-08,19,46,46,0,None,E15,C1B,-8.917000000000E0,None,None
2025-01-08,19,46,46,0,None,E21,C1B,-8.720000000000E0,None,None
2025-01-08,19,46,46,0,None,E27,C1B,-1.007800000000E1,None,None
2025-01-08,19,46,47,0,None,E13,C1B,-7.326000000000E0,None,None
2025-01-08,19,46,47,0,None,E15,C1B,-6.237000000000E0,None,None
2025-01-08,19,46,47,0,None,E21,C1B,-6.665000000000E0,None,None
2025-01-08,19,46,47,0,None,E27,C1B,-5.360000000000E0,None,None
2025-01-08,19,46,48,0,None,E13,C1B,-9.363000000000E0,None,None
2025-01-08,19,46,48,0,None,E15,C1B,-5.200000000000E0,None,None
2025-01-08,19,46,48,0,None,E21,C1B,-6.987000000000E0,None,None
2025-01-08,19,46,48,0,None,E27,C1B,-6.540000000000E0,None,None
2025-01-08,19,46,49,0,None,E13,C1B,-7.094000000000E0,None,None
2025-01-08,19,46,49,0,None,E15,C1B,-5.575000000000E0,None,None
2025-01-08,19,46,49,0,None,E21,C1B,-8.077000000000E0,None,None
2025-01-08,19,46,49,0,None,E27,C1B,-8.256000000000E0,None,None
2025-01-08,19,46,50,0,None,E13,C1B,-7.469000000000E0,None,None
2025-01-08,19,46,50,0,None,E15,C1B,-8.309000000000E0,None,None
2025-01-08,19,46,50,0,None,E21,C1B,-4.950000000000E0,None,None
2025-01-08,19,46,50,0,None,E27,C1B,-6.450000000000E0,None,None
2025-01-08,19,46,51,0,None,E13,C1B,-7.540000000000E0,None,None
2025-01-08,19,46,51,0,None,E15,C1B,-8.792000000000E0,None,None
2025-01-08,19,46,51,0,None,E21,C1B,-8.988000000000E0,None,None
2025-01-08,19,46,51,0,None,E27,C1B,-8.720000000000E0,None,None
2025-01-08,19,46,52,0,None,E13,C1B,-8.524000000000E0,None,None
2025-01-08,19,46,52,0,None,E15,C1B,-1.070300000000E1,None,None
2025-01-08,19,46,52,0,None,E21,C1B,-8.255000000000E0,None,None
2025-01-08,19,46,52,0,None,E27,C1B,-5.343000000000E0,None,None
2025-01-08,19,46,53,0,None,E13,C1B,-7.862000000000E0,None,None
2025-01-08,19,46,53,0,None,E15,C1B,-9.149000000000E0,None,None
2025-01-08,19,46,53,0,None,E21,C1B,-8.667000000000E0,None,None
2025-01-08,19,46,53,0,None,E27,C1B,-1.206200000000E1,None,None
2025-01-08,19,46,54,0,None,E13,C1B,-8.220000000000E0,None,None
2025-01-08,19,46,54,0,None,E15,C1B,-9.256000000000E0,None,None
2025-01-08,19,46,54,0,None,E21,C1B,-8.667000000000E0,None,None
2025-01-08,19,46,54,0,None,E27,C1B,-4.789000000000E0,None,None
2025-01-08,19,46,55,0,None,E13,C1B,-7.881000000000E0,None,None
2025-01-08,19,46,55,0,None,E15,C1B,-6.790000000000E0,None,None
2025-01-08,19,46,55,0,None,E21,C1B,-6.237000000000E0,None,None
2025-01-08,19,46,55,0,None,E27,C1B,-5.468000000000E0,None,None
2025-01-08,19,46,56,0,None,E13,C1B,-6.754000000000E0,None,None
2025-01-08,19,46,56,0,None,E15,C1B,-6.986000000000E0,None,None
2025-01-08,19,46,56,0,None,E21,C1B,-8.381000000000E0,None,None
2025-01-08,19,46,56,0,None,E27,C1B,-4.931000000000E0,None,None
2025-01-08,19,46,57,0,None,E13,C1B,-7.076000000000E0,None,None
2025-01-08,19,46,57,0,None,E15,C1B,-8.452000000000E0,None,None
2025-01-08,19,46,57,0,None,E21,C1B,-5.558000000000E0,None,None
2025-01-08,19,46,57,0,None,E27,C1B,-5.843000000000E0,None,None
2025-01-08,19,46,58,0,None,E13,C1B,-7.505000000000E0,None,None
2025-01-08,19,46,58,0,None,E15,C1B,-5.682000000000E0,None,None
2025-01-08,19,46,58,0,None,E21,C1B,-8.488000000000E0,None,None
2025-01-08,19,46,58,0,None,E27,C1B,-9.364000000000E0,None,None
2025-01-08,19,46,59,0,None,E13,C1B,-7.880000000000E0,None,None
2025-01-08,19,46,59,0,None,E15,C1B,-5.539000000000E0,None,None
2025-01-08,19,46,59,0,None,E21,C1B,-1.099000000000E1,None,None
2025-01-08,19,46,59,0,None,E27,C1B,-6.004000000000E0,None,None
2025-01-08,19,47,00,0,None,E13,C1B,-6.576000000000E0,None,None
2025-01-08,19,47,00,0,None,E15,C1B,-7.452000000000E0,None,None
2025-01-08,19,47,00,0,None,E21,C1B,-8.113000000000E0,None,None
2025-01-08,19,47,00,0,None,E27,C1B,-6.362000000000E0,None,None
2025-01-08,19,47,01,0,None,E13,C1B,-6.504000000000E0,None,None
2025-01-08,19,47,01,0,None,E15,C1B,-7.470000000000E0,None,None
2025-01-08,19,47,01,0,None,E21,C1B,-8.934000000000E0,None,None
2025-01-08,19,47,01,0,None,E27,C1B,-8.148000000000E0,None,None
2025-01-08,19,47,02,0,None,E13,C1B,-4.574000000000E0,None,None
2025-01-08,19,47,02,0,None,E15,C1B,-5.540000000000E0,None,None
2025-01-08,19,47,02,0,None,E21,C1B,-7.040000000000E0,None,None
2025-01-08,19,47,02,0,None,E27,C1B,-7.148000000000E0,None,None
2025-01-08,19,47,03,0,None,E13,C1B,-7.791000000000E0,None,None
2025-01-08,19,47,03,0,None,E15,C1B,-6.486000000000E0,None,None
2025-01-08,19,47,03,0,None,E21,C1B,-7.201000000000E0,None,None
2025-01-08,19,47,03,0,None,E27,C1B,-7.970000000000E0,None,None
2025-01-08,19,47,04,0,None,E13,C1B,-7.041000000000E0,None,None
2025-01-08,19,47,04,0,None,E15,C1B,-6.754000000000E0,None,None
2025-01-08,19,47,04,0,None,E21,C1B,-5.629000000000E0,None,None
2025-01-08,19,47,04,0,None,E27,C1B,-9.185000000000E0,None,None
2025-01-08,19,47,05,0,None,E13,C1B,-7.380000000000E0,None,None
2025-01-08,19,47,05,0,None,E15,C1B,-5.522000000000E0,None,None
2025-01-08,19,47,05,0,None,E21,C1B,-9.882000000000E0,None,None
2025-01-08,19,47,05,0,None,E27,C1B,-5.218000000000E0,None,None
2025-01-08,19,47,06,0,None,E13,C1B,-7.666000000000E0,None,None
2025-01-08,19,47,06,0,None,E15,C1B,-7.023000000000E0,None,None
2025-01-08,19,47,06,0,None,E21,C1B,-6.808000000000E0,None,None
2025-01-08,19,47,06,0,None,E27,C1B,-1.109600000000E1,None,None
2025-01-08,19,47,07,0,None,E13,C1B,-7.702000000000E0,None,None
2025-01-08,19,47,07,0,None,E15,C1B,-9.792000000000E0,None,None
2025-01-08,19,47,07,0,None,E21,C1B,-6.254000000000E0,None,None
2025-01-08,19,47,07,0,None,E27,C1B,-7.737000000000E0,None,None
2025-01-08,19,47,08,0,None,E13,C1B,-7.487000000000E0,None,None
2025-01-08,19,47,08,0,None,E15,C1B,-8.416000000000E0,None,None
2025-01-08,19,47,08,0,None,E21,C1B,-7.344000000000E0,None,None
2025-01-08,19,47,08,0,None,E27,C1B,-5.200000000000E0,None,None
2025-01-08,19,47,09,0,None,E13,C1B,-7.559000000000E0,None,None
2025-01-08,19,47,09,0,None,E15,C1B,-6.451000000000E0,None,None
2025-01-08,19,47,09,0,None,E21,C1B,-7.827000000000E0,None,None
2025-01-08,19,47,09,0,None,E27,C1B,-7.076000000000E0,None,None
2025-01-08,19,47,10,0,None,E13,C1B,-8.309000000000E0,None,None
2025-01-08,19,47,10,0,None,E15,C1B,-7.397000000000E0,None,None
2025-01-08,19,47,10,0,None,E21,C1B,-6.362000000000E0,None,None
2025-01-08,19,47,10,0,None,E27,C1B,-9.738000000000E0,None,None
2025-01-08,19,47,11,0,None,E13,C1B,-7.041000000000E0,None,None
2025-01-08,19,47,11,0,None,E15,C1B,-5.682000000000E0,None,None
2025-01-08,19,47,11,0,None,E21,C1B,-7.201000000000E0,None,None
2025-01-08,19,47,11,0,None,E27,C1B,-1.038200000000E1,None,None
2025-01-08,19,47,12,0,None,E13,C1B,-6.862000000000E0,None,None
2025-01-08,19,47,12,0,None,E15,C1B,-7.541000000000E0,None,None
2025-01-08,19,47,12,0,None,E21,C1B,-8.006000000000E0,None,None
2025-01-08,19,47,12,0,None,E27,C1B,-8.559000000000E0,None,None
2025-01-08,19,47,13,0,None,E13,C1B,-7.273000000000E0,None,None
2025-01-08,19,47,13,0,None,E15,C1B,-7.684000000000E0,None,None
2025-01-08,19,47,13,0,None,E21,C1B,-8.381000000000E0,None,None
2025-01-08,19,47,13,0,None,E27,C1B,-5.414000000000E0,None,None
2025-01-08,19,47,14,0,None,E13,C1B,-7.415000000000E0,None,None
2025-01-08,19,47,14,0,None,E15,C1B,-7.023000000000E0,None,None
2025-01-08,19,47,14,0,None,E21,C1B,-7.630000000000E0,None,None
2025-01-08,19,47,14,0,None,E27,C1B,-2.663000000000E0,None,None
2025-01-08,19,47,15,0,None,E13,C1B,-8.380000000000E0,None,None
2025-01-08,19,47,15,0,None,E15,C1B,-7.916000000000E0,None,None
2025-01-08,19,47,15,0,None,E21,C1B,-6.344000000000E0,None,None
2025-01-08,19,47,15,0,None,E27,C1B,-7.201000000000E0,None,None
2025-01-08,19,47,16,0,None,E13,C1B,-7.862000000000E0,None,None
2025-01-08,19,47,16,0,None,E15,C1B,-1.002400000000E1,None,None
2025-01-08,19,47,16,0,None,E21,C1B,-6.397000000000E0,None,None
2025-01-08,19,47,16,0,None,E27,C1B,-7.934000000000E0,None,None
2025-01-08,19,47,17,0,None,E13,C1B,-7.469000000000E0,None,None
2025-01-08,19,47,17,0,None,E15,C1B,-5.432000000000E0,None,None
2025-01-08,19,47,17,0,None,E21,C1B,-6.558000000000E0,None,None
2025-01-08,19,47,17,0,None,E27,C1B,-7.434000000000E0,None,None
2025-01-08,19,47,18,0,None,E13,C1B,-8.130000000000E0,None,None
2025-01-08,19,47,18,0,None,E15,C1B,-6.558000000000E0,None,None
2025-01-08,19,47,18,0,None,E21,C1B,-6.897000000000E0,None,None
2025-01-08,19,47,18,0,None,E27,C1B,-6.594000000000E0,None,None
2025-01-08,19,47,19,0,None,E13,C1B,-6.415000000000E0,None,None
2025-01-08,19,47,19,0,None,E15,C1B,-8.292000000000E0,None,None
2025-01-08,19,47,19,0,None,E21,C1B,-5.485000000000E0,None,None
2025-01-08,19,47,19,0,None,E27,C1B,-7.595000000000E0,None,None
2025-01-08,19,47,20,0,None,E13,C1B,-7.505000000000E0,None,None
2025-01-08,19,47,20,0,None,E15,C1B,-8.935000000000E0,None,None
2025-01-08,19,47,20,0,None,E21,C1B,-6.648000000000E0,None,None
2025-01-08,19,47,20,0,None,E27,C1B,-5.182000000000E0,None,None
2025-01-08,19,47,21,0,None,E13,C1B,-5.503000000000E0,None,None
2025-01-08,19,47,21,0,None,E15,C1B,-6.254000000000E0,None,None
2025-01-08,19,47,21,0,None,E21,C1B,-6.897000000000E0,None,None
2025-01-08,19,47,21,0,None,E27,C1B,-7.344000000000E0,None,None
2025-01-08,19,47,22,0,None,E13,C1B,-8.309000000000E0,None,None
2025-01-08,19,47,22,0,None,E15,C1B,-7.988000000000E0,None,None
2025-01-08,19,47,22,0,None,E21,C1B,-8.416000000000E0,None,None
2025-01-08,19,47,22,0,None,E27,C1B,-7.094000000000E0,None,None
2025-01-08,19,47,23,0,None,E13,C1B,-5.932000000000E0,None,None
2025-01-08,19,47,23,0,None,E15,C1B,-7.166000000000E0,None,None
2025-01-08,19,47,23,0,None,E21,C1B,-6.629000000000E0,None,None
2025-01-08,19,47,23,0,None,E27,C1B,-9.596000000000E0,None,None
2025-01-08,19,47,24,0,None,E13,C1B,-7.612000000000E0,None,None
2025-01-08,19,47,24,0,None,E15,C1B,-8.023000000000E0,None,None
2025-01-08,19,47,24,0,None,E21,C1B,-8.148000000000E0,None,None
2025-01-08,19,47,24,0,None,E27,C1B,-6.612000000000E0,None,None
2025-01-08,19,47,25,0,None,E13,C1B,-9.292000000000E0,None,None
2025-01-08,19,47,25,0,None,E15,C1B,-8.631000000000E0,None,None
2025-01-08,19,47,25,0,None,E21,C1B,-8.488000000000E0,None,None
2025-01-08,19,47,25,0,None,E27,C1B,-9.238000000000E0,None,None
2025-01-08,19,47,26,0,None,E13,C1B,-7.523000000000E0,None,None
2025-01-08,19,47,26,0,None,E15,C1B,-7.647000000000E0,None,None
2025-01-08,19,47,26,0,None,E21,C1B,-9.685000000000E0,None,None
2025-01-08,19,47,26,0,None,E27,C1B,-9.113000000000E0,None,None
2025-01-08,19,47,27,0,None,E13,C1B,-9.399000000000E0,None,None
2025-01-08,19,47,27,0,None,E15,C1B,-6.593000000000E0,None,None
2025-01-08,19,47,27,0,None,E21,C1B,-7.094000000000E0,None,None
2025-01-08,19,47,27,0,None,E27,C1B,-6.701000000000E0,None,None
2025-01-08,19,47,28,0,None,E13,C1B,-8.577000000000E0,None,None
2025-01-08,19,47,28,0,None,E15,C1B,-8.130000000000E0,None,None
2025-01-08,19,47,28,0,None,E21,C1B,-9.345000000000E0,None,None
2025-01-08,19,47,28,0,None,E27,C1B,-6.219000000000E0,None,None
2025-01-08,19,47,29,0,None,E13,C1B,-6.201000000000E0,None,None
2025-01-08,19,47,29,0,None,E15,C1B,-6.505000000000E0,None,None
2025-01-08,19,47,29,0,None,E21,C1B,-1.020300000000E1,None,None
2025-01-08,19,47,29,0,None,E27,C1B,-8.041000000000E0,None,None
2025-01-08,19,47,30,0,None,E13,C1B,-7.523000000000E0,None,None
2025-01-08,19,47,30,0,None,E15,C1B,-7.452000000000E0,None,None
2025-01-08,19,47,30,0,None,E21,C1B,-9.024000000000E0,None,None
2025-01-08,19,47,30,0,None,E27,C1B,-8.809000000000E0,None,None
2025-01-08,19,47,31,0,None,E13,C1B,-5.682000000000E0,None,None
2025-01-08,19,47,31,0,None,E15,C1B,-9.434000000000E0,None,None
2025-01-08,19,47,31,0,None,E21,C1B,-6.790000000000E0,None,None
2025-01-08,19,47,31,0,None,E27,C1B,-5.200000000000E0,None,None
2025-01-08,19,47,32,0,None,E13,C1B,-8.077000000000E0,None,None
2025-01-08,19,47,32,0,None,E15,C1B,-7.201000000000E0,None,None
2025-01-08,19,47,32,0,None,E21,C1B,-6.022000000000E0,None,None
2025-01-08,19,47,32,0,None,E27,C1B,-7.844000000000E0,None,None
2025-01-08,19,47,33,0,None,E13,C1B,-8.184000000000E0,None,None
2025-01-08,19,47,33,0,None,E15,C1B,-5.432000000000E0,None,None
2025-01-08,19,47,33,0,None,E21,C1B,-8.274000000000E0,None,None
2025-01-08,19,47,33,0,None,E27,C1B,-4.038000000000E0,None,None
2025-01-08,19,47,34,0,None,E13,C1B,-9.238000000000E0,None,None
2025-01-08,19,47,34,0,None,E15,C1B,-7.130000000000E0,None,None
2025-01-08,19,47,34,0,None,E21,C1B,-9.381000000000E0,None,None
2025-01-08,19,47,34,0,None,E27,C1B,-7.541000000000E0,None,None
2025-01-08,19,47,35,0,None,E13,C1B,-9.184000000000E0,None,None
2025-01-08,19,47,35,0,None,E15,C1B,-7.934000000000E0,None,None
2025-01-08,19,47,35,0,None,E21,C1B,-9.114000000000E0,None,None
2025-01-08,19,47,35,0,None,E27,C1B,-6.075000000000E0,None,None
2025-01-08,19,47,36,0,None,E13,C1B,-8.327000000000E0,None,None
2025-01-08,19,47,36,0,None,E15,C1B,-6.826000000000E0,None,None
2025-01-08,19,47,36,0,None,E21,C1B,-6.058000000000E0,None,None
2025-01-08,19,47,36,0,None,E27,C1B,-7.719000000000E0,None,None
2025-01-08,19,47,37,0,None,E13,C1B,-7.880000000000E0,None,None
2025-01-08,19,47,37,0,None,E15,C1B,-7.594000000000E0,None,None
2025-01-08,19,47,37,0,None,E21,C1B,-7.684000000000E0,None,None
2025-01-08,19,47,37,0,None,E27,C1B,-6.093000000000E0,None,None
2025-01-08,19,47,38,0,None,E13,C1B,-8.112000000000E0,None,None
2025-01-08,19,47,38,0,None,E15,C1B,-5.039000000000E0,None,None
2025-01-08,19,47,38,0,None,E21,C1B,-8.041000000000E0,None,None
2025-01-08,19,47,38,0,None,E27,C1B,-7.826000000000E0,None,None
2025-01-08,19,47,39,0,None,E13,C1B,-8.685000000000E0,None,None
2025-01-08,19,47,39,0,None,E15,C1B,-6.379000000000E0,None,None
2025-01-08,19,47,39,0,None,E21,C1B,-8.934000000000E0,None,None
2025-01-08,19,47,39,0,None,E27,C1B,-9.345000000000E0,None,None
2025-01-08,19,47,40,0,None,E13,C1B,-7.147000000000E0,None,None
2025-01-08,19,47,40,0,None,E15,C1B,-7.023000000000E0,None,None
2025-01-08,19,47,40,0,None,E21,C1B,-8.309000000000E0,None,None
2025-01-08,19,47,40,0,None,E27,C1B,-6.593000000000E0,None,None
2025-01-08,19,47,41,0,None,E13,C1B,-7.541000000000E0,None,None
2025-01-08,19,47,41,0,None,E15,C1B,-1.072100000000E1,None,None
2025-01-08,19,47,41,0,None,E21,C1B,-7.326000000000E0,None,None
2025-01-08,19,47,41,0,None,E27,C1B,-5.200000000000E0,None,None
2025-01-08,19,47,42,0,None,E13,C1B,-7.666000000000E0,None,None
2025-01-08,19,47,42,0,None,E15,C1B,-8.577000000000E0,None,None
2025-01-08,19,47,42,0,None,E21,C1B,-7.523000000000E0,None,None
2025-01-08,19,47,42,0,None,E27,C1B,-9.649000000000E0,None,None
2025-01-08,19,47,43,0,None,E13,C1B,-7.523000000000E0,None,None
2025-01-08,19,47,43,0,None,E15,C1B,-6.629000000000E0,None,None
2025-01-08,19,47,43,0,None,E21,C1B,-7.541000000000E0,None,None
2025-01-08,19,47,43,0,None,E27,C1B,-8.523000000000E0,None,None
2025-01-08,19,47,44,0,None,E13,C1B,-5.879000000000E0,None,None
2025-01-08,19,47,44,0,None,E15,C1B,-4.003000000000E0,None,None
2025-01-08,19,47,44,0,None,E21,C1B,-6.505000000000E0,None,None
2025-01-08,19,47,44,0,None,E27,C1B,-7.487000000000E0,None,None
2025-01-08,19,47,45,0,None,E13,C1B,-6.522000000000E0,None,None
2025-01-08,19,47,45,0,None,E15,C1B,-6.772000000000E0,None,None
2025-01-08,19,47,45,0,None,E21,C1B,-6.933000000000E0,None,None
2025-01-08,19,47,45,0,None,E27,C1B,-7.755000000000E0,None,None
2025-01-08,19,47,46,0,None,E13,C1B,-5.736000000000E0,None,None
2025-01-08,19,47,46,0,None,E15,C1B,-5.646000000000E0,None,None
2025-01-08,19,47,46,0,None,E21,C1B,-7.666000000000E0,None,None
2025-01-08,19,47,46,0,None,E27,C1B,-9.095000000000E0,None,None
2025-01-08,19,47,47,0,None,E13,C1B,-1.038200000000E1,None,None
2025-01-08,19,47,47,0,None,E15,C1B,-8.255000000000E0,None,None
2025-01-08,19,47,47,0,None,E21,C1B,-6.540000000000E0,None,None
2025-01-08,19,47,47,0,None,E27,C1B,-7.612000000000E0,None,None
2025-01-08,19,47,48,0,None,E13,C1B,-8.041000000000E0,None,None
2025-01-08,19,47,48,0,None,E15,C1B,-1.057800000000E1,None,None
2025-01-08,19,47,48,0,None,E21,C1B,-7.719000000000E0,None,None
2025-01-08,19,47,48,0,None,E27,C1B,-7.737000000000E0,None,None
2025-01-08,19,47,49,0,None,E13,C1B,-9.078000000000E0,None,None
2025-01-08,19,47,49,0,None,E15,C1B,-8.292000000000E0,None,None
2025-01-08,19,47,49,0,None,E21,C1B,-7.308000000000E0,None,None
2025-01-08,19,47,49,0,None,E27,C1B,-8.648000000000E0,None,None
2025-01-08,19,47,50,0,None,E13,C1B,-5.682000000000E0,None,None
2025-01-08,19,47,50,0,None,E15,C1B,-7.058000000000E0,None,None
2025-01-08,19,47,50,0,None,E21,C1B,-5.182000000000E0,None,None
2025-01-08,19,47,50,0,None,E27,C1B,-8.255000000000E0,None,None
2025-01-08,19,47,51,0,None,E13,C1B,-5.290000000000E0,None,None
2025-01-08,19,47,51,0,None,E15,C1B,-7.576000000000E0,None,None
2025-01-08,19,47,51,0,None,E21,C1B,-5.021000000000E0,None,None
2025-01-08,19,47,51,0,None,E27,C1B,-6.022000000000E0,None,None
2025-01-08,19,47,52,0,None,E13,C1B,-8.309000000000E0,None,None
2025-01-08,19,47,52,0,None,E15,C1B,-6.773000000000E0,None,None
2025-01-08,19,47,52,0,None,E21,C1B,-7.970000000000E0,None,None
2025-01-08,19,47,52,0,None,E27,C1B,-6.790000000000E0,None,None
2025-01-08,19,47,53,0,None,E13,C1B,-8.630000000000E0,None,None
2025-01-08,19,47,53,0,None,E15,C1B,-9.131000000000E0,None,None
2025-01-08,19,47,53,0,None,E21,C1B,-8.720000000000E0,None,None
2025-01-08,19,47,53,0,None,E27,C1B,-1.011400000000E1,None,None
2025-01-08,19,47,54,0,None,E13,C1B,-1.095400000000E1,None,None
2025-01-08,19,47,54,0,None,E15,C1B,-8.059000000000E0,None,None
2025-01-08,19,47,54,0,None,E21,C1B,-6.611000000000E0,None,None
2025-01-08,19,47,54,0,None,E27,C1B,-6.700000000000E0,None,None
2025-01-08,19,47,55,0,None,E13,C1B,-7.577000000000E0,None,None
2025-01-08,19,47,55,0,None,E15,C1B,-7.505000000000E0,None,None
2025-01-08,19,47,55,0,None,E21,C1B,-7.184000000000E0,None,None
2025-01-08,19,47,55,0,None,E27,C1B,-6.647000000000E0,None,None
2025-01-08,19,47,56,0,None,E13,C1B,-7.397000000000E0,None,None
2025-01-08,19,47,56,0,None,E15,C1B,-7.523000000000E0,None,None
2025-01-08,19,47,56,0,None,E21,C1B,-6.254000000000E0,None,None
2025-01-08,19,47,56,0,None,E27,C1B,-9.095000000000E0,None,None
2025-01-08,19,47,57,0,None,E13,C1B,-6.915000000000E0,None,None
2025-01-08,19,47,57,0,None,E15,C1B,-5.683000000000E0,None,None
2025-01-08,19,47,57,0,None,E21,C1B,-8.202000000000E0,None,None
2025-01-08,19,47,57,0,None,E27,C1B,-5.593000000000E0,None,None
2025-01-08,19,47,58,0,None,E13,C1B,-5.879000000000E0,None,None
2025-01-08,19,47,58,0,None,E15,C1B,-7.594000000000E0,None,None
2025-01-08,19,47,58,0,None,E21,C1B,-6.683000000000E0,None,None
2025-01-08,19,47,58,0,None,E27,C1B,-5.218000000000E0,None,None
2025-01-08,19,47,59,0,None,E13,C1B,-6.164000000000E0,None,None
2025-01-08,19,47,59,0,None,E15,C1B,-9.882000000000E0,None,None
2025-01-08,19,47,59,0,None,E21,C1B,-6.164000000000E0,None,None
2025-01-08,19,47,59,0,None,E27,C1B,-6.326000000000E0,None,None
2025-01-08,19,48,00,0,None,E13,C1B,-6.683000000000E0,None,None
2025-01-08,19,48,00,0,None,E15,C1B,-5.843000000000E0,None,None
2025-01-08,19,48,00,0,None,E21,C1B,-6.218000000000E0,None,None
2025-01-08,19,48,00,0,None,E27,C1B,-7.684000000000E0,None,None
2025-01-08,19,48,01,0,None,E13,C1B,-6.916000000000E0,None,None
2025-01-08,19,48,01,0,None,E15,C1B,-5.218000000000E0,None,None
2025-01-08,19,48,01,0,None,E21,C1B,-6.040000000000E0,None,None
2025-01-08,19,48,01,0,None,E27,C1B,-8.631000000000E0,None,None
2025-01-08,19,48,02,0,None,E13,C1B,-6.826000000000E0,None,None
2025-01-08,19,48,02,0,None,E15,C1B,-6.093000000000E0,None,None
2025-01-08,19,48,02,0,None,E21,C1B,-8.577000000000E0,None,None
2025-01-08,19,48,02,0,None,E27,C1B,-9.399000000000E0,None,None
2025-01-08,19,48,03,0,None,E13,C1B,-6.897000000000E0,None,None
2025-01-08,19,48,03,0,None,E15,C1B,-7.916000000000E0,None,None
2025-01-08,19,48,03,0,None,E21,C1B,-6.647000000000E0,None,None
2025-01-08,19,48,03,0,None,E27,C1B,-8.863000000000E0,None,None
2025-01-08,19,48,04,0,None,E13,C1B,-6.237000000000E0,None,None
2025-01-08,19,48,04,0,None,E15,C1B,-8.506000000000E0,None,None
2025-01-08,19,48,04,0,None,E21,C1B,-7.077000000000E0,None,None
2025-01-08,19,48,04,0,None,E27,C1B,-1.200800000000E1,None,None
2025-01-08,19,48,05,0,None,E13,C1B,-9.166000000000E0,None,None
2025-01-08,19,48,05,0,None,E15,C1B,-8.452000000000E0,None,None
2025-01-08,19,48,05,0,None,E21,C1B,-6.969000000000E0,None,None
2025-01-08,19,48,05,0,None,E27,C1B,-6.450000000000E0,None,None
2025-01-08,19,48,06,0,None,E13,C1B,-6.397000000000E0,None,None
2025-01-08,19,48,06,0,None,E15,C1B,-7.594000000000E0,None,None
2025-01-08,19,48,06,0,None,E21,C1B,-9.632000000000E0,None,None
2025-01-08,19,48,06,0,None,E27,C1B,-5.290000000000E0,None,None
2025-01-08,19,48,07,0,None,E13,C1B,-7.862000000000E0,None,None
2025-01-08,19,48,07,0,None,E15,C1B,-8.113000000000E0,None,None
2025-01-08,19,48,07,0,None,E21,C1B,-9.506000000000E0,None,None
2025-01-08,19,48,07,0,None,E27,C1B,-9.721000000000E0,None,None
2025-01-08,19,48,08,0,None,E13,C1B,-6.057000000000E0,None,None
2025-01-08,19,48,08,0,None,E15,C1B,-6.915000000000E0,None,None
2025-01-08,19,48,08,0,None,E21,C1B,-9.631000000000E0,None,None
2025-01-08,19,48,08,0,None,E27,C1B,-6.916000000000E0,None,None
2025-01-08,19,48,09,0,None,E13,C1B,-5.611000000000E0,None,None
2025-01-08,19,48,09,0,None,E15,C1B,-7.255000000000E0,None,None
2025-01-08,19,48,09,0,None,E21,C1B,-5.235000000000E0,None,None
2025-01-08,19,48,09,0,None,E27,C1B,-5.164000000000E0,None,None
2025-01-08,19,48,10,0,None,E13,C1B,-6.397000000000E0,None,None
2025-01-08,19,48,10,0,None,E15,C1B,-6.451000000000E0,None,None
2025-01-08,19,48,10,0,None,E21,C1B,-6.737000000000E0,None,None
2025-01-08,19,48,10,0,None,E27,C1B,-6.594000000000E0,None,None
2025-01-08,19,48,11,0,None,E13,C1B,-7.416000000000E0,None,None
2025-01-08,19,48,11,0,None,E15,C1B,-8.828000000000E0,None,None
2025-01-08,19,48,11,0,None,E21,C1B,-6.219000000000E0,None,None
2025-01-08,19,48,11,0,None,E27,C1B,-9.756000000000E0,None,None
2025-01-08,19,48,12,0,None,E13,C1B,-8.363000000000E0,None,None
2025-01-08,19,48,12,0,None,E15,C1B,-7.219000000000E0,None,None
2025-01-08,19,48,12,0,None,E21,C1B,-8.631000000000E0,None,None
2025-01-08,19,48,12,0,None,E27,C1B,-8.041000000000E0,None,None
2025-01-08,19,48,13,0,None,E13,C1B,-7.719000000000E0,None,None
2025-01-08,19,48,13,0,None,E15,C1B,-4.092000000000E0,None,None
2025-01-08,19,48,13,0,None,E21,C1B,-5.217000000000E0,None,None
2025-01-08,19,48,13,0,None,E27,C1B,-8.899000000000E0,None,None
2025-01-08,19,48,14,0,None,E13,C1B,-6.004000000000E0,None,None
2025-01-08,19,48,14,0,None,E15,C1B,-7.737000000000E0,None,None
2025-01-08,19,48,14,0,None,E21,C1B,-6.040000000000E0,None,None
2025-01-08,19,48,14,0,None,E27,C1B,-1.644000000000E0,None,None
2025-01-08,19,48,15,0,None,E13,C1B,-5.253000000000E0,None,None
2025-01-08,19,48,15,0,None,E15,C1B,-7.844000000000E0,None,None
2025-01-08,19,48,15,0,None,E21,C1B,-8.238000000000E0,None,None
2025-01-08,19,48,15,0,None,E27,C1B,-6.540000000000E0,None,None
2025-01-08,19,48,16,0,None,E13,C1B,-8.006000000000E0,None,None
2025-01-08,19,48,16,0,None,E15,C1B,-6.379000000000E0,None,None
2025-01-08,19,48,16,0,None,E21,C1B,-7.738000000000E0,None,None
2025-01-08,19,48,16,0,None,E27,C1B,-7.415000000000E0,None,None
2025-01-08,19,48,17,0,None,E13,C1B,-6.111000000000E0,None,None
2025-01-08,19,48,17,0,None,E15,C1B,-7.541000000000E0,None,None
2025-01-08,19,48,17,0,None,E21,C1B,-5.504000000000E0,None,None
2025-01-08,19,48,17,0,None,E27,C1B,-7.166000000000E0,None,None
2025-01-08,19,48,18,0,None,E13,C1B,-6.612000000000E0,None,None
2025-01-08,19,48,18,0,None,E15,C1B,-5.164000000000E0,None,None
2025-01-08,19,48,18,0,None,E21,C1B,-5.414000000000E0,None,None
2025-01-08,19,48,18,0,None,E27,C1B,-1.038200000000E1,None,None
2025-01-08,19,48,19,0,None,E13,C1B,-6.969000000000E0,None,None
2025-01-08,19,48,19,0,None,E15,C1B,-9.846000000000E0,None,None
2025-01-08,19,48,19,0,None,E21,C1B,-6.915000000000E0,None,None
2025-01-08,19,48,19,0,None,E27,C1B,-4.592000000000E0,None,None
2025-01-08,19,48,20,0,None,E13,C1B,-7.309000000000E0,None,None
2025-01-08,19,48,20,0,None,E15,C1B,-7.380000000000E0,None,None
2025-01-08,19,48,20,0,None,E21,C1B,-4.682000000000E0,None,None
2025-01-08,19,48,20,0,None,E27,C1B,-9.292000000000E0,None,None
2025-01-08,19,48,21,0,None,E13,C1B,-6.755000000000E0,None,None
2025-01-08,19,48,21,0,None,E15,C1B,-6.933000000000E0,None,None
2025-01-08,19,48,21,0,None,E21,C1B,-8.666000000000E0,None,None
2025-01-08,19,48,21,0,None,E27,C1B,-5.808000000000E0,None,None
2025-01-08,19,48,22,0,None,E13,C1B,-8.041000000000E0,None,None
2025-01-08,19,48,22,0,None,E15,C1B,-6.183000000000E0,None,None
2025-01-08,19,48,22,0,None,E21,C1B,-7.934000000000E0,None,None
2025-01-08,19,48,22,0,None,E27,C1B,-6.111000000000E0,None,None
2025-01-08,19,48,23,0,None,E13,C1B,-7.398000000000E0,None,None
2025-01-08,19,48,23,0,None,E15,C1B,-8.255000000000E0,None,None
2025-01-08,19,48,23,0,None,E21,C1B,-7.112000000000E0,None,None
2025-01-08,19,48,23,0,None,E27,C1B,-3.216000000000E0,None,None
2025-01-08,19,48,24,0,None,E13,C1B,-6.040000000000E0,None,None
2025-01-08,19,48,24,0,None,E15,C1B,-5.307000000000E0,None,None
2025-01-08,19,48,24,0,None,E21,C1B,-5.557000000000E0,None,None
2025-01-08,19,48,24,0,None,E27,C1B,-1.032800000000E1,None,None
2025-01-08,19,48,25,0,None,E13,C1B,-9.274000000000E0,None,None
2025-01-08,19,48,25,0,None,E15,C1B,-8.917000000000E0,None,None
2025-01-08,19,48,25,0,None,E21,C1B,-7.970000000000E0,None,None
2025-01-08,19,48,25,0,None,E27,C1B,-7.684000000000E0,None,None
2025-01-08,19,48,26,0,None,E13,C1B,-7.148000000000E0,None,None
2025-01-08,19,48,26,0,None,E15,C1B,-8.988000000000E0,None,None
2025-01-08,19,48,26,0,None,E21,C1B,-9.077000000000E0,None,None
2025-01-08,19,48,26,0,None,E27,C1B,-6.218000000000E0,None,None
2025-01-08,19,48,27,0,None,E13,C1B,-9.149000000000E0,None,None
2025-01-08,19,48,27,0,None,E15,C1B,-7.666000000000E0,None,None
2025-01-08,19,48,27,0,None,E21,C1B,-5.593000000000E0,None,None
2025-01-08,19,48,27,0,None,E27,C1B,-6.933000000000E0,None,None
2025-01-08,19,48,28,0,None,E13,C1B,-7.809000000000E0,None,None
2025-01-08,19,48,28,0,None,E15,C1B,-4.485000000000E0,None,None
2025-01-08,19,48,28,0,None,E21,C1B,-6.111000000000E0,None,None
2025-01-08,19,48,28,0,None,E27,C1B,-6.826000000000E0,None,None
2025-01-08,19,48,29,0,None,E13,C1B,-6.826000000000E0,None,None
2025-01-08,19,48,29,0,None,E15,C1B,-5.253000000000E0,None,None
2025-01-08,19,48,29,0,None,E21,C1B,-6.790000000000E0,None,None
2025-01-08,19,48,29,0,None,E27,C1B,-1.006100000000E1,None,None
