2025-01-07,14,18,07,0,None,E04,C1B,-3.198000000000E0,None,None
2025-01-07,14,18,07,0,None,E13,C1B,2.323000000000E0,None,None
2025-01-07,14,18,07,0,None,E21,C1B,-1.108000000000E0,None,None
2025-01-07,14,18,07,0,None,E27,C1B,-1.870000000000E-1,None,None
2025-01-07,14,18,08,0,None,E04,C1B,-1.215000000000E0,None,None
2025-01-07,14,18,08,0,None,E13,C1B,-2.108000000000E0,None,None
2025-01-07,14,18,08,0,None,E21,C1B,-2.743000000000E0,None,None
2025-01-07,14,18,08,0,None,E27,C1B,-3.583000000000E0,None,None
2025-01-07,14,18,09,0,None,E04,C1B,-1.689000000000E0,None,None
2025-01-07,14,18,09,0,None,E13,C1B,1.760000000000E0,None,None
2025-01-07,14,18,09,0,None,E21,C1B,-2.483000000000E0,None,None
2025-01-07,14,18,09,0,None,E27,C1B,-4.136000000000E0,None,None
2025-01-07,14,18,10,0,None,E04,C1B,-2.332000000000E0,None,None
2025-01-07,14,18,10,0,None,E13,C1B,-5.763000000000E0,None,None
2025-01-07,14,18,10,0,None,E21,C1B,-2.930000000000E0,None,None
2025-01-07,14,18,10,0,None,E27,C1B,-3.493000000000E0,None,None
2025-01-07,14,18,11,0,None,E04,C1B,1.724000000000E0,None,None
2025-01-07,14,18,11,0,None,E13,C1B,-9.740000000000E-1,None,None
2025-01-07,14,18,11,0,None,E21,C1B,-2.404000000000E0,None,None
2025-01-07,14,18,11,0,None,E27,C1B,-1.483000000000E0,None,None
2025-01-07,14,18,12,0,None,E04,C1B,1.143000000000E0,None,None
2025-01-07,14,18,12,0,None,E13,C1B,-7.780000000000E-1,None,None
2025-01-07,14,18,12,0,None,E21,C1B,-3.654000000000E0,None,None
2025-01-07,14,18,12,0,None,E27,C1B,-5.075000000000E0,None,None
2025-01-07,14,18,13,0,None,E04,C1B,-2.422000000000E0,None,None
2025-01-07,14,18,13,0,None,E13,C1B,-1.823000000000E0,None,None
2025-01-07,14,18,13,0,None,E21,C1B,-1.456000000000E0,None,None
2025-01-07,14,18,13,0,None,E27,C1B,-2.797000000000E0,None,None
2025-01-07,14,18,14,0,None,E04,C1B,-2.950000000000E-1,None,None
2025-01-07,14,18,14,0,None,E13,C1B,-1.036000000000E0,None,None
2025-01-07,14,18,14,0,None,E21,C1B,2.700000000000E-2,None,None
2025-01-07,14,18,14,0,None,E27,C1B,-1.153000000000E0,None,None
2025-01-07,14,18,15,0,None,E04,C1B,-2.251000000000E0,None,None
2025-01-07,14,18,15,0,None,E13,C1B,-1.733000000000E0,None,None
2025-01-07,14,18,15,0,None,E21,C1B,-2.001000000000E0,None,None
2025-01-07,14,18,15,0,None,E27,C1B,-3.565000000000E0,None,None
2025-01-07,14,18,16,0,None,E04,C1B,9.910000000000E-1,None,None
2025-01-07,14,18,16,0,None,E13,C1B,1.125000000000E0,None,None
2025-01-07,14,18,16,0,None,E21,C1B,8.310000000000E-1,None,None
2025-01-07,14,18,16,0,None,E27,C1B,-2.135000000000E0,None,None
2025-01-07,14,18,17,0,None,E04,C1B,-1.161000000000E0,None,None
2025-01-07,14,18,17,0,None,E13,C1B,-3.840000000000E-1,None,None
2025-01-07,14,18,17,0,None,E21,C1B,-2.037000000000E0,None,None
2025-01-07,14,18,17,0,None,E27,C1B,-2.296000000000E0,None,None
2025-01-07,14,18,18,0,None,E04,C1B,-3.002000000000E0,None,None
2025-01-07,14,18,18,0,None,E13,C1B,1.000000000000E0,None,None
2025-01-07,14,18,18,0,None,E21,C1B,-2.297000000000E0,None,None
2025-01-07,14,18,18,0,None,E27,C1B,-1.743000000000E0,None,None
2025-01-07,14,18,19,0,None,E04,C1B,-2.439000000000E0,None,None
2025-01-07,14,18,19,0,None,E13,C1B,-1.135000000000E0,None,None
2025-01-07,14,18,19,0,None,E21,C1B,-4.235000000000E0,None,None
2025-01-07,14,18,19,0,None,E27,C1B,-1.108000000000E0,None,None
2025-01-07,14,18,20,0,None,E04,C1B,-6.880000000000E-1,None,None
2025-01-07,14,18,20,0,None,E13,C1B,5.270000000000E-1,None,None
2025-01-07,14,18,20,0,None,E21,C1B,1.880000000000E-1,None,None
2025-01-07,14,18,20,0,None,E27,C1B,-1.581000000000E0,None,None
2025-01-07,14,18,21,0,None,E04,C1B,-2.743000000000E0,None,None
2025-01-07,14,18,21,0,None,E13,C1B,-1.698000000000E0,None,None
2025-01-07,14,18,21,0,None,E21,C1B,-4.290000000000E-1,None,None
2025-01-07,14,18,21,0,None,E27,C1B,4.941000000000E0,None,None
2025-01-07,14,18,22,0,None,E04,C1B,-1.313000000000E0,None,None
2025-01-07,14,18,22,0,None,E13,C1B,-2.716000000000E0,None,None
2025-01-07,14,18,22,0,None,E21,C1B,-2.627000000000E0,None,None
2025-01-07,14,18,22,0,None,E27,C1B,4.560000000000E-1,None,None
2025-01-07,14,18,23,0,None,E04,C1B,-2.519000000000E0,None,None
2025-01-07,14,18,23,0,None,E13,C1B,-1.841000000000E0,None,None
2025-01-07,14,18,23,0,None,E21,C1B,-1.072000000000E0,None,None
2025-01-07,14,18,23,0,None,E27,C1B,-6.129000000000E0,None,None
2025-01-07,14,18,24,0,None,E04,C1B,-3.136000000000E0,None,None
2025-01-07,14,18,24,0,None,E13,C1B,2.117000000000E0,None,None
2025-01-07,14,18,24,0,None,E21,C1B,-2.341000000000E0,None,None
2025-01-07,14,18,24,0,None,E27,C1B,2.296000000000E0,None,None
2025-01-07,14,18,25,0,None,E04,C1B,-5.720000000000E-1,None,None
2025-01-07,14,18,25,0,None,E13,C1B,1.010000000000E0,None,None
2025-01-07,14,18,25,0,None,E21,C1B,-2.984000000000E0,None,None
2025-01-07,14,18,25,0,None,E27,C1B,-3.136000000000E0,None,None
2025-01-07,14,18,26,0,None,E04,C1B,-3.404000000000E0,None,None
2025-01-07,14,18,26,0,None,E13,C1B,-1.099000000000E0,None,None
2025-01-07,14,18,26,0,None,E21,C1B,3.660000000000E-1,None,None
2025-01-07,14,18,26,0,None,E27,C1B,4.878000000000E0,None,None
2025-01-07,14,18,27,0,None,E04,C1B,-4.503000000000E0,None,None
2025-01-07,14,18,27,0,None,E13,C1B,-2.663000000000E0,None,None
2025-01-07,14,18,27,0,None,E21,C1B,-4.870000000000E0,None,None
2025-01-07,14,18,27,0,None,E27,C1B,-7.532000000000E0,None,None
2025-01-07,14,18,28,0,None,E04,C1B,2.117000000000E0,None,None
2025-01-07,14,18,28,0,None,E13,C1B,-1.813000000000E0,None,None
2025-01-07,14,18,28,0,None,E21,C1B,-2.430000000000E0,None,None
2025-01-07,14,18,28,0,None,E27,C1B,-6.070000000000E-1,None,None
2025-01-07,14,18,29,0,None,E04,C1B,-1.992000000000E0,None,None
2025-01-07,14,18,29,0,None,E13,C1B,-1.188000000000E0,None,None
2025-01-07,14,18,29,0,None,E21,C1B,-2.323000000000E0,None,None
2025-01-07,14,18,29,0,None,E27,C1B,3.413000000000E0,None,None
2025-01-07,14,18,30,0,None,E04,C1B,9.000000000000E-3,None,None
2025-01-07,14,18,30,0,None,E13,C1B,-3.055000000000E0,None,None
2025-01-07,14,18,30,0,None,E21,C1B,-8.220000000000E-1,None,None
2025-01-07,14,18,30,0,None,E27,C1B,-2.140000000000E-1,None,None
2025-01-07,14,18,31,0,None,E04,C1B,-3.930000000000E-1,None,None
2025-01-07,14,18,31,0,None,E13,C1B,-2.020000000000E0,None,None
2025-01-07,14,18,31,0,None,E21,C1B,-2.690000000000E0,None,None
2025-01-07,14,18,31,0,None,E27,C1B,-1.572000000000E0,None,None
2025-01-07,14,18,32,0,None,E04,C1B,-6.764000000000E0,None,None
2025-01-07,14,18,32,0,None,E13,C1B,-6.013000000000E0,None,None
2025-01-07,14,18,32,0,None,E21,C1B,-1.331000000000E0,None,None
2025-01-07,14,18,32,0,None,E27,C1B,-2.529000000000E0,None,None
2025-01-07,14,18,33,0,None,E04,C1B,-5.718000000000E0,None,None
2025-01-07,14,18,33,0,None,E13,C1B,-8.000000000000E-2,None,None
2025-01-07,14,18,33,0,None,E21,C1B,-1.769000000000E0,None,None
2025-01-07,14,18,33,0,None,E27,C1B,-2.457000000000E0,None,None
2025-01-07,14,18,34,0,None,E04,C1B,-3.930000000000E-1,None,None
2025-01-07,14,18,34,0,None,E13,C1B,-1.778000000000E0,None,None
2025-01-07,14,18,34,0,None,E21,C1B,-3.628000000000E0,None,None
2025-01-07,14,18,34,0,None,E27,C1B,-5.530000000000E0,None,None
2025-01-07,14,18,35,0,None,E04,C1B,-4.289000000000E0,None,None
2025-01-07,14,18,35,0,None,E13,C1B,1.465000000000E0,None,None
2025-01-07,14,18,35,0,None,E21,C1B,-1.867000000000E0,None,None
2025-01-07,14,18,35,0,None,E27,C1B,-1.135000000000E0,None,None
2025-01-07,14,18,36,0,None,E04,C1B,-3.243000000000E0,None,None
2025-01-07,14,18,36,0,None,E13,C1B,-2.278000000000E0,None,None
2025-01-07,14,18,36,0,None,E21,C1B,-1.635000000000E0,None,None
2025-01-07,14,18,36,0,None,E27,C1B,-5.602000000000E0,None,None
2025-01-07,14,18,37,0,None,E04,C1B,-7.150000000000E-1,None,None
2025-01-07,14,18,37,0,None,E13,C1B,-4.154000000000E0,None,None
2025-01-07,14,18,37,0,None,E21,C1B,-2.055000000000E0,None,None
2025-01-07,14,18,37,0,None,E27,C1B,-3.368000000000E0,None,None
2025-01-07,14,18,38,0,None,E04,C1B,-3.030000000000E-1,None,None
2025-01-07,14,18,38,0,None,E13,C1B,-5.227000000000E0,None,None
2025-01-07,14,18,38,0,None,E21,C1B,8.040000000000E-1,None,None
2025-01-07,14,18,38,0,None,E27,C1B,-3.467000000000E0,None,None
2025-01-07,14,18,39,0,None,E04,C1B,-5.083000000000E0,None,None
2025-01-07,14,18,39,0,None,E13,C1B,-4.994000000000E0,None,None
2025-01-07,14,18,39,0,None,E21,C1B,-1.850000000000E0,None,None
2025-01-07,14,18,39,0,None,E27,C1B,-3.868000000000E0,None,None
2025-01-07,14,18,40,0,None,E04,C1B,-7.950000000000E-1,None,None
2025-01-07,14,18,40,0,None,E13,C1B,-5.990000000000E-1,None,None
2025-01-07,14,18,40,0,None,E21,C1B,2.680000000000E-1,None,None
2025-01-07,14,18,40,0,None,E27,C1B,-2.770000000000E0,None,None
2025-01-07,14,18,41,0,None,E04,C1B,-5.870000000000E0,None,None
2025-01-07,14,18,41,0,None,E13,C1B,-3.770000000000E0,None,None
2025-01-07,14,18,41,0,None,E21,C1B,-3.556000000000E0,None,None
2025-01-07,14,18,41,0,None,E27,C1B,1.070000000000E-1,None,None
2025-01-07,14,18,42,0,None,E04,C1B,-2.556000000000E0,None,None
2025-01-07,14,18,42,0,None,E13,C1B,-8.570000000000E-1,None,None
2025-01-07,14,18,42,0,None,E21,C1B,-2.073000000000E0,None,None
2025-01-07,14,18,42,0,None,E27,C1B,-2.002000000000E0,None,None
2025-01-07,14,18,43,0,None,E04,C1B,-3.395000000000E0,None,None
2025-01-07,14,18,43,0,None,E13,C1B,-3.538000000000E0,None,None
2025-01-07,14,18,43,0,None,E21,C1B,-2.019000000000E0,None,None
2025-01-07,14,18,43,0,None,E27,C1B,1.790000000000E-1,None,None
2025-01-07,14,18,44,0,None,E04,C1B,2.082000000000E0,None,None
2025-01-07,14,18,44,0,None,E13,C1B,-1.929000000000E0,None,None
2025-01-07,14,18,44,0,None,E21,C1B,-1.626000000000E0,None,None
2025-01-07,14,18,44,0,None,E27,C1B,-2.439000000000E0,None,None
2025-01-07,14,18,45,0,None,E04,C1B,-1.403000000000E0,None,None
2025-01-07,14,18,45,0,None,E13,C1B,1.367000000000E0,None,None
2025-01-07,14,18,45,0,None,E21,C1B,-1.760000000000E0,None,None
2025-01-07,14,18,45,0,None,E27,C1B,-4.136000000000E0,None,None
2025-01-07,14,18,46,0,None,E04,C1B,-8.040000000000E-1,None,None
2025-01-07,14,18,46,0,None,E13,C1B,-4.476000000000E0,None,None
2025-01-07,14,18,46,0,None,E21,C1B,-3.592000000000E0,None,None
2025-01-07,14,18,46,0,None,E27,C1B,-9.346000000000E0,None,None
2025-01-07,14,18,47,0,None,E04,C1B,-4.297000000000E0,None,None
2025-01-07,14,18,47,0,None,E13,C1B,-2.492000000000E0,None,None
2025-01-07,14,18,47,0,None,E21,C1B,-1.465000000000E0,None,None
2025-01-07,14,18,47,0,None,E27,C1B,9.650000000000E-1,None,None
2025-01-07,14,18,48,0,None,E04,C1B,9.290000000000E-1,None,None
2025-01-07,14,18,48,0,None,E13,C1B,-1.000000000000E0,None,None
2025-01-07,14,18,48,0,None,E21,C1B,-1.492000000000E0,None,None
2025-01-07,14,18,48,0,None,E27,C1B,-8.595000000000E0,None,None
2025-01-07,14,18,49,0,None,E04,C1B,7.060000000000E-1,None,None
2025-01-07,14,18,49,0,None,E13,C1B,-3.324000000000E0,None,None
2025-01-07,14,18,49,0,None,E21,C1B,-2.198000000000E0,None,None
2025-01-07,14,18,49,0,None,E27,C1B,6.031000000000E0,None,None
2025-01-07,14,18,50,0,None,E04,C1B,-2.330000000000E-1,None,None
2025-01-07,14,18,50,0,None,E13,C1B,1.510000000000E0,None,None
2025-01-07,14,18,50,0,None,E21,C1B,-4.271000000000E0,None,None
2025-01-07,14,18,50,0,None,E27,C1B,1.966000000000E0,None,None
2025-01-07,14,18,51,0,None,E04,C1B,1.492000000000E0,None,None
2025-01-07,14,18,51,0,None,E13,C1B,-6.245000000000E0,None,None
2025-01-07,14,18,51,0,None,E21,C1B,-2.859000000000E0,None,None
2025-01-07,14,18,51,0,None,E27,C1B,6.160000000000E-1,None,None
2025-01-07,14,18,52,0,None,E04,C1B,-2.600000000000E0,None,None
2025-01-07,14,18,52,0,None,E13,C1B,-3.207000000000E0,None,None
2025-01-07,14,18,52,0,None,E21,C1B,3.130000000000E-1,None,None
2025-01-07,14,18,52,0,None,E27,C1B,-1.019000000000E0,None,None
2025-01-07,14,18,53,0,None,E04,C1B,-2.046000000000E0,None,None
2025-01-07,14,18,53,0,None,E13,C1B,-5.254000000000E0,None,None
2025-01-07,14,18,53,0,None,E21,C1B,-6.160000000000E-1,None,None
2025-01-07,14,18,53,0,None,E27,C1B,-5.090000000000E-1,None,None
2025-01-07,14,18,54,0,None,E04,C1B,6.170000000000E-1,None,None
2025-01-07,14,18,54,0,None,E13,C1B,-3.172000000000E0,None,None
2025-01-07,14,18,54,0,None,E21,C1B,-2.230000000000E-1,None,None
2025-01-07,14,18,54,0,None,E27,C1B,-1.849000000000E0,None,None
2025-01-07,14,18,55,0,None,E04,C1B,-3.413000000000E0,None,None
2025-01-07,14,18,55,0,None,E13,C1B,-1.724000000000E0,None,None
2025-01-07,14,18,55,0,None,E21,C1B,6.970000000000E-1,None,None
2025-01-07,14,18,55,0,None,E27,C1B,-7.916000000000E0,None,None
2025-01-07,14,18,56,0,None,E04,C1B,1.662000000000E0,None,None
2025-01-07,14,18,56,0,None,E13,C1B,-3.190000000000E0,None,None
2025-01-07,14,18,56,0,None,E21,C1B,-3.350000000000E0,None,None
2025-01-07,14,18,56,0,None,E27,C1B,1.090000000000E0,None,None
2025-01-07,14,18,57,0,None,E04,C1B,-3.654000000000E0,None,None
2025-01-07,14,18,57,0,None,E13,C1B,-1.081000000000E0,None,None
2025-01-07,14,18,57,0,None,E21,C1B,-3.580000000000E-1,None,None
2025-01-07,14,18,57,0,None,E27,C1B,-6.799000000000E0,None,None
2025-01-07,14,18,58,0,None,E04,C1B,-1.278000000000E0,None,None
2025-01-07,14,18,58,0,None,E13,C1B,1.000000000000E0,None,None
2025-01-07,14,18,58,0,None,E21,C1B,-5.736000000000E0,None,None
2025-01-07,14,18,58,0,None,E27,C1B,2.886000000000E0,None,None
2025-01-07,14,18,59,0,None,E04,C1B,-3.047000000000E0,None,None
2025-01-07,14,18,59,0,None,E13,C1B,1.206000000000E0,None,None
2025-01-07,14,18,59,0,None,E21,C1B,-7.410000000000E-1,None,None
2025-01-07,14,18,59,0,None,E27,C1B,2.150000000000E-1,None,None
2025-01-07,14,19,00,0,None,E04,C1B,4.253000000000E0,None,None
2025-01-07,14,19,00,0,None,E13,C1B,-3.154000000000E0,None,None
2025-01-07,14,19,00,0,None,E21,C1B,1.188000000000E0,None,None
2025-01-07,14,19,00,0,None,E27,C1B,-2.100000000000E0,None,None
2025-01-07,14,19,01,0,None,E04,C1B,-3.771000000000E0,None,None
2025-01-07,14,19,01,0,None,E13,C1B,-2.912000000000E0,None,None
2025-01-07,14,19,01,0,None,E21,C1B,-2.520000000000E0,None,None
2025-01-07,14,19,01,0,None,E27,C1B,-3.476000000000E0,None,None
2025-01-07,14,19,02,0,None,E04,C1B,-3.314000000000E0,None,None
2025-01-07,14,19,02,0,None,E13,C1B,-3.967000000000E0,None,None
2025-01-07,14,19,02,0,None,E21,C1B,-1.010000000000E0,None,None
2025-01-07,14,19,02,0,None,E27,C1B,7.780000000000E-1,None,None
2025-01-07,14,19,03,0,None,E04,C1B,-3.493000000000E0,None,None
2025-01-07,14,19,03,0,None,E13,C1B,-4.789000000000E0,None,None
2025-01-07,14,19,03,0,None,E21,C1B,-1.644000000000E0,None,None
2025-01-07,14,19,03,0,None,E27,C1B,-2.868000000000E0,None,None
2025-01-07,14,19,04,0,None,E04,C1B,-2.431000000000E0,None,None
2025-01-07,14,19,04,0,None,E13,C1B,-8.570000000000E-1,None,None
2025-01-07,14,19,04,0,None,E21,C1B,-5.450000000000E-1,None,None
2025-01-07,14,19,04,0,None,E27,C1B,3.390000000000E-1,None,None
2025-01-07,14,19,05,0,None,E04,C1B,-4.477000000000E0,None,None
2025-01-07,14,19,05,0,None,E13,C1B,6.610000000000E-1,None,None
2025-01-07,14,19,05,0,None,E21,C1B,-1.456000000000E0,None,None
2025-01-07,14,19,05,0,None,E27,C1B,-1.590000000000E0,None,None
2025-01-07,14,19,06,0,None,E04,C1B,2.895000000000E0,None,None
2025-01-07,14,19,06,0,None,E13,C1B,-3.350000000000E0,None,None
2025-01-07,14,19,06,0,None,E15,C1B,-2.877000000000E0,None,None
2025-01-07,14,19,06,0,None,E21,C1B,4.020000000000E-1,None,None
2025-01-07,14,19,06,0,None,E27,C1B,-3.404000000000E0,None,None
2025-01-07,14,19,07,0,None,E04,C1B,-2.403000000000E0,None,None
2025-01-07,14,19,07,0,None,E13,C1B,1.680000000000E0,None,None
2025-01-07,14,19,07,0,None,E15,C1B,-3.163000000000E0,None,None
2025-01-07,14,19,07,0,None,E21,C1B,-3.118000000000E0,None,None
2025-01-07,14,19,07,0,None,E27,C1B,-1.475000000000E0,None,None
2025-01-07,14,19,08,0,None,E04,C1B,-1.189000000000E0,None,None
2025-01-07,14,19,08,0,None,E13,C1B,-3.390000000000E-1,None,None
2025-01-07,14,19,08,0,None,E15,C1B,-3.073000000000E0,None,None
2025-01-07,14,19,08,0,None,E21,C1B,1.965000000000E0,None,None
2025-01-07,14,19,08,0,None,E27,C1B,-2.761000000000E0,None,None
2025-01-07,14,19,09,0,None,E04,C1B,2.457000000000E0,None,None
2025-01-07,14,19,09,0,None,E13,C1B,-3.760000000000E-1,None,None
2025-01-07,14,19,09,0,None,E15,C1B,-3.570000000000E-1,None,None
2025-01-07,14,19,09,0,None,E21,C1B,-1.617000000000E0,None,None
2025-01-07,14,19,09,0,None,E27,C1B,-1.036000000000E0,None,None
2025-01-07,14,19,10,0,None,E04,C1B,-3.806000000000E0,None,None
2025-01-07,14,19,10,0,None,E13,C1B,-2.475000000000E0,None,None
2025-01-07,14,19,10,0,None,E15,C1B,-3.761000000000E0,None,None
2025-01-07,14,19,10,0,None,E21,C1B,-2.922000000000E0,None,None
2025-01-07,14,19,10,0,None,E27,C1B,-3.958000000000E0,None,None
2025-01-07,14,19,11,0,None,E04,C1B,-3.761000000000E0,None,None
2025-01-07,14,19,11,0,None,E13,C1B,4.920000000000E-1,None,None
2025-01-07,14,19,11,0,None,E15,C1B,-2.591000000000E0,None,None
2025-01-07,14,19,11,0,None,E21,C1B,-3.046000000000E0,None,None
2025-01-07,14,19,11,0,None,E27,C1B,2.046000000000E0,None,None
2025-01-07,14,19,12,0,None,E04,C1B,2.394000000000E0,None,None
2025-01-07,14,19,12,0,None,E13,C1B,-2.939000000000E0,None,None
2025-01-07,14,19,12,0,None,E15,C1B,1.725000000000E0,None,None
2025-01-07,14,19,12,0,None,E21,C1B,2.950000000000E-1,None,None
2025-01-07,14,19,12,0,None,E27,C1B,-4.950000000000E0,None,None
2025-01-07,14,19,13,0,None,E04,C1B,1.359000000000E0,None,None
2025-01-07,14,19,13,0,None,E13,C1B,6.700000000000E-1,None,None
2025-01-07,14,19,13,0,None,E15,C1B,6.430000000000E-1,None,None
2025-01-07,14,19,13,0,None,E21,C1B,-9.470000000000E-1,None,None
2025-01-07,14,19,13,0,None,E27,C1B,-7.594000000000E0,None,None
2025-01-07,14,19,14,0,None,E04,C1B,9.830000000000E-1,None,None
2025-01-07,14,19,14,0,None,E13,C1B,-1.600000000000E-1,None,None
2025-01-07,14,19,14,0,None,E15,C1B,2.278000000000E0,None,None
2025-01-07,14,19,14,0,None,E21,C1B,-3.520000000000E0,None,None
2025-01-07,14,19,14,0,None,E27,C1B,-4.869000000000E0,None,None
2025-01-07,14,19,15,0,None,E04,C1B,5.280000000000E-1,None,None
2025-01-07,14,19,15,0,None,E13,C1B,-3.118000000000E0,None,None
2025-01-07,14,19,15,0,None,E15,C1B,-4.101000000000E0,None,None
2025-01-07,14,19,15,0,None,E21,C1B,-4.369000000000E0,None,None
2025-01-07,14,19,15,0,None,E27,C1B,1.492000000000E0,None,None
2025-01-07,14,19,16,0,None,E04,C1B,-3.815000000000E0,None,None
2025-01-07,14,19,16,0,None,E13,C1B,-5.450000000000E0,None,None
2025-01-07,14,19,16,0,None,E15,C1B,-5.000000000000E-1,None,None
2025-01-07,14,19,16,0,None,E21,C1B,3.840000000000E-1,None,None
2025-01-07,14,19,16,0,None,E27,C1B,-1.430000000000E-1,None,None
2025-01-07,14,19,17,0,None,E04,C1B,-2.734000000000E0,None,None
2025-01-07,14,19,17,0,None,E13,C1B,-4.110000000000E0,None,None
2025-01-07,14,19,17,0,None,E15,C1B,-4.181000000000E0,None,None
2025-01-07,14,19,17,0,None,E21,C1B,-5.180000000000E-1,None,None
2025-01-07,14,19,17,0,None,E27,C1B,-4.039000000000E0,None,None
2025-01-07,14,19,18,0,None,E04,C1B,-1.296000000000E0,None,None
2025-01-07,14,19,18,0,None,E13,C1B,-5.835000000000E0,None,None
2025-01-07,14,19,18,0,None,E15,C1B,1.965000000000E0,None,None
2025-01-07,14,19,18,0,None,E21,C1B,-3.199000000000E0,None,None
2025-01-07,14,19,18,0,None,E27,C1B,-5.800000000000E-1,None,None
2025-01-07,14,19,19,0,None,E04,C1B,1.796000000000E0,None,None
2025-01-07,14,19,19,0,None,E13,C1B,2.590000000000E-1,None,None
2025-01-07,14,19,19,0,None,E15,C1B,-4.101000000000E0,None,None
2025-01-07,14,19,19,0,None,E21,C1B,-4.298000000000E0,None,None
2025-01-07,14,19,19,0,None,E27,C1B,-2.698000000000E0,None,None
2025-01-07,14,19,20,0,None,E04,C1B,1.251000000000E0,None,None
2025-01-07,14,19,20,0,None,E13,C1B,-8.210000000000E-1,None,None
2025-01-07,14,19,20,0,None,E15,C1B,-3.163000000000E0,None,None
2025-01-07,14,19,20,0,None,E21,C1B,-1.286000000000E0,None,None
2025-01-07,14,19,20,0,None,E27,C1B,-5.137000000000E0,None,None
2025-01-07,14,19,21,0,None,E04,C1B,-7.050000000000E-1,None,None
2025-01-07,14,19,21,0,None,E13,C1B,4.290000000000E-1,None,None
2025-01-07,14,19,21,0,None,E15,C1B,-4.780000000000E0,None,None
2025-01-07,14,19,21,0,None,E21,C1B,1.251000000000E0,None,None
2025-01-07,14,19,21,0,None,E27,C1B,-2.672000000000E0,None,None
2025-01-07,14,19,22,0,None,E04,C1B,-1.198000000000E0,None,None
2025-01-07,14,19,22,0,None,E13,C1B,-2.555000000000E0,None,None
2025-01-07,14,19,22,0,None,E15,C1B,7.950000000000E-1,None,None
2025-01-07,14,19,22,0,None,E21,C1B,1.983000000000E0,None,None
2025-01-07,14,19,22,0,None,E27,C1B,-3.172000000000E0,None,None
2025-01-07,14,19,23,0,None,E04,C1B,1.070000000000E-1,None,None
2025-01-07,14,19,23,0,None,E13,C1B,-2.734000000000E0,None,None
2025-01-07,14,19,23,0,None,E15,C1B,-2.663000000000E0,None,None
2025-01-07,14,19,23,0,None,E21,C1B,-2.681000000000E0,None,None
2025-01-07,14,19,23,0,None,E27,C1B,1.080000000000E-1,None,None
2025-01-07,14,19,24,0,None,E04,C1B,-3.448000000000E0,None,None
2025-01-07,14,19,24,0,None,E13,C1B,2.500000000000E-1,None,None
2025-01-07,14,19,24,0,None,E15,C1B,-2.823000000000E0,None,None
2025-01-07,14,19,24,0,None,E21,C1B,1.960000000000E-1,None,None
2025-01-07,14,19,24,0,None,E27,C1B,-2.091000000000E0,None,None
2025-01-07,14,19,25,0,None,E04,C1B,3.210000000000E-1,None,None
2025-01-07,14,19,25,0,None,E13,C1B,-4.414000000000E0,None,None
2025-01-07,14,19,25,0,None,E15,C1B,-3.628000000000E0,None,None
2025-01-07,14,19,25,0,None,E21,C1B,-4.878000000000E0,None,None
2025-01-07,14,19,25,0,None,E27,C1B,-1.126000000000E0,None,None
2025-01-07,14,19,26,0,None,E04,C1B,2.252000000000E0,None,None
2025-01-07,14,19,26,0,None,E13,C1B,-4.074000000000E0,None,None
2025-01-07,14,19,26,0,None,E15,C1B,-5.254000000000E0,None,None
2025-01-07,14,19,26,0,None,E21,C1B,-5.720000000000E-1,None,None
2025-01-07,14,19,26,0,None,E27,C1B,-4.460000000000E-1,None,None
2025-01-07,14,19,27,0,None,E04,C1B,-6.370000000000E0,None,None
2025-01-07,14,19,27,0,None,E13,C1B,6.200000000000E-2,None,None
2025-01-07,14,19,27,0,None,E15,C1B,-2.430000000000E0,None,None
2025-01-07,14,19,27,0,None,E21,C1B,-1.537000000000E0,None,None
2025-01-07,14,19,27,0,None,E27,C1B,-5.540000000000E-1,None,None
2025-01-07,14,19,28,0,None,E04,C1B,-9.110000000000E-1,None,None
2025-01-07,14,19,28,0,None,E13,C1B,-3.431000000000E0,None,None
2025-01-07,14,19,28,0,None,E15,C1B,-3.162000000000E0,None,None
2025-01-07,14,19,28,0,None,E21,C1B,-1.340000000000E0,None,None
2025-01-07,14,19,28,0,None,E27,C1B,-1.840000000000E0,None,None
2025-01-07,14,19,29,0,None,E04,C1B,-4.870000000000E0,None,None
2025-01-07,14,19,29,0,None,E13,C1B,-5.245000000000E0,None,None
2025-01-07,14,19,29,0,None,E15,C1B,1.627000000000E0,None,None
2025-01-07,14,19,29,0,None,E21,C1B,-1.849000000000E0,None,None
2025-01-07,14,19,29,0,None,E27,C1B,3.208000000000E0,None,None
2025-01-07,14,19,30,0,None,E04,C1B,1.894000000000E0,None,None
2025-01-07,14,19,30,0,None,E13,C1B,-5.655000000000E0,None,None
2025-01-07,14,19,30,0,None,E15,C1B,-5.208000000000E0,None,None
2025-01-07,14,19,30,0,None,E21,C1B,-1.948000000000E0,None,None
2025-01-07,14,19,30,0,None,E27,C1B,-3.216000000000E0,None,None
2025-01-07,14,19,31,0,None,E04,C1B,-2.627000000000E0,None,None
2025-01-07,14,19,31,0,None,E13,C1B,3.570000000000E-1,None,None
2025-01-07,14,19,31,0,None,E15,C1B,-3.011000000000E0,None,None
2025-01-07,14,19,31,0,None,E21,C1B,1.742000000000E0,None,None
2025-01-07,14,19,31,0,None,E27,C1B,2.994000000000E0,None,None
2025-01-07,14,19,32,0,None,E04,C1B,-2.475000000000E0,None,None
2025-01-07,14,19,32,0,None,E13,C1B,3.750000000000E-1,None,None
2025-01-07,14,19,32,0,None,E15,C1B,1.358000000000E0,None,None
2025-01-07,14,19,32,0,None,E21,C1B,-3.449000000000E0,None,None
2025-01-07,14,19,32,0,None,E27,C1B,-5.897000000000E0,None,None
2025-01-07,14,19,33,0,None,E04,C1B,-4.163000000000E0,None,None
2025-01-07,14,19,33,0,None,E13,C1B,-4.173000000000E0,None,None
2025-01-07,14,19,33,0,None,E15,C1B,3.073000000000E0,None,None
2025-01-07,14,19,33,0,None,E21,C1B,-4.209000000000E0,None,None
2025-01-07,14,19,33,0,None,E27,C1B,-7.240000000000E-1,None,None
2025-01-07,14,19,34,0,None,E04,C1B,-3.475000000000E0,None,None
2025-01-07,14,19,34,0,None,E13,C1B,-1.528000000000E0,None,None
2025-01-07,14,19,34,0,None,E15,C1B,-7.770000000000E-1,None,None
2025-01-07,14,19,34,0,None,E21,C1B,-3.404000000000E0,None,None
2025-01-07,14,19,34,0,None,E27,C1B,-8.750000000000E-1,None,None
2025-01-07,14,19,35,0,None,E04,C1B,-1.162000000000E0,None,None
2025-01-07,14,19,35,0,None,E13,C1B,-2.171000000000E0,None,None
2025-01-07,14,19,35,0,None,E15,C1B,-3.582000000000E0,None,None
2025-01-07,14,19,35,0,None,E21,C1B,-3.750000000000E-1,None,None
2025-01-07,14,19,35,0,None,E27,C1B,3.130000000000E-1,None,None
2025-01-07,14,19,36,0,None,E04,C1B,1.439000000000E0,None,None
2025-01-07,14,19,36,0,None,E13,C1B,-5.736000000000E0,None,None
2025-01-07,14,19,36,0,None,E15,C1B,-2.940000000000E0,None,None
2025-01-07,14,19,36,0,None,E21,C1B,-2.564000000000E0,None,None
2025-01-07,14,19,36,0,None,E27,C1B,-1.331000000000E0,None,None
2025-01-07,14,19,37,0,None,E04,C1B,-4.503000000000E0,None,None
2025-01-07,14,19,37,0,None,E13,C1B,-1.340000000000E0,None,None
2025-01-07,14,19,37,0,None,E15,C1B,-5.012000000000E0,None,None
2025-01-07,14,19,37,0,None,E21,C1B,-4.146000000000E0,None,None
2025-01-07,14,19,37,0,None,E27,C1B,-4.065000000000E0,None,None
2025-01-07,14,19,38,0,None,E04,C1B,-3.038000000000E0,None,None
2025-01-07,14,19,38,0,None,E13,C1B,-2.475000000000E0,None,None
2025-01-07,14,19,38,0,None,E15,C1B,-1.688000000000E0,None,None
2025-01-07,14,19,38,0,None,E21,C1B,-1.010000000000E0,None,None
2025-01-07,14,19,38,0,None,E27,C1B,-2.680000000000E-1,None,None
2025-01-07,14,19,39,0,None,E04,C1B,-2.556000000000E0,None,None
2025-01-07,14,19,39,0,None,E13,C1B,-6.350000000000E-1,None,None
2025-01-07,14,19,39,0,None,E15,C1B,-2.930000000000E0,None,None
2025-01-07,14,19,39,0,None,E21,C1B,-3.895000000000E0,None,None
2025-01-07,14,19,39,0,None,E27,C1B,-8.551000000000E0,None,None
2025-01-07,14,19,40,0,None,E04,C1B,9.470000000000E-1,None,None
2025-01-07,14,19,40,0,None,E13,C1B,-2.895000000000E0,None,None
2025-01-07,14,19,40,0,None,E15,C1B,-3.395000000000E0,None,None
2025-01-07,14,19,40,0,None,E21,C1B,-1.447000000000E0,None,None
2025-01-07,14,19,40,0,None,E27,C1B,-9.000000000000E-2,None,None
2025-01-07,14,19,41,0,None,E04,C1B,-4.610000000000E0,None,None
2025-01-07,14,19,41,0,None,E13,C1B,-4.110000000000E-1,None,None
2025-01-07,14,19,41,0,None,E15,C1B,-9.381000000000E0,None,None
2025-01-07,14,19,41,0,None,E21,C1B,-2.922000000000E0,None,None
2025-01-07,14,19,41,0,None,E27,C1B,-1.510000000000E0,None,None
2025-01-07,14,19,42,0,None,E04,C1B,2.240000000000E-1,None,None
2025-01-07,14,19,42,0,None,E13,C1B,8.670000000000E-1,None,None
2025-01-07,14,19,42,0,None,E15,C1B,-4.467000000000E0,None,None
2025-01-07,14,19,42,0,None,E21,C1B,-1.054000000000E0,None,None
2025-01-07,14,19,42,0,None,E27,C1B,-4.820000000000E-1,None,None
2025-01-07,14,19,43,0,None,E04,C1B,3.570000000000E-1,None,None
2025-01-07,14,19,43,0,None,E13,C1B,-6.423000000000E0,None,None
2025-01-07,14,19,43,0,None,E15,C1B,-3.931000000000E0,None,None
2025-01-07,14,19,43,0,None,E21,C1B,3.220000000000E-1,None,None
2025-01-07,14,19,43,0,None,E27,C1B,-1.197000000000E0,None,None
2025-01-07,14,19,44,0,None,E04,C1B,7.950000000000E-1,None,None
2025-01-07,14,19,44,0,None,E13,C1B,-1.885000000000E0,None,None
2025-01-07,14,19,44,0,None,E15,C1B,-7.568000000000E0,None,None
2025-01-07,14,19,44,0,None,E21,C1B,-2.118000000000E0,None,None
2025-01-07,14,19,44,0,None,E27,C1B,-2.029000000000E0,None,None
2025-01-07,14,19,45,0,None,E04,C1B,-2.189000000000E0,None,None
2025-01-07,14,19,45,0,None,E13,C1B,-1.340000000000E-1,None,None
2025-01-07,14,19,45,0,None,E15,C1B,-2.680000000000E-1,None,None
2025-01-07,14,19,45,0,None,E21,C1B,-1.716000000000E0,None,None
2025-01-07,14,19,45,0,None,E27,C1B,5.900000000000E-1,None,None
2025-01-07,14,19,46,0,None,E04,C1B,1.072000000000E0,None,None
2025-01-07,14,19,46,0,None,E13,C1B,-6.430000000000E-1,None,None
2025-01-07,14,19,46,0,None,E15,C1B,8.130000000000E-1,None,None
2025-01-07,14,19,46,0,None,E21,C1B,-1.849000000000E0,None,None
2025-01-07,14,19,46,0,None,E27,C1B,-1.251000000000E0,None,None
2025-01-07,14,19,47,0,None,E04,C1B,-1.448000000000E0,None,None
2025-01-07,14,19,47,0,None,E13,C1B,4.740000000000E-1,None,None
2025-01-07,14,19,47,0,None,E15,C1B,1.591000000000E0,None,None
2025-01-07,14,19,47,0,None,E21,C1B,-2.931000000000E0,None,None
2025-01-07,14,19,47,0,None,E27,C1B,-1.278000000000E0,None,None
2025-01-07,14,19,48,0,None,E04,C1B,-3.300000000000E-1,None,None
2025-01-07,14,19,48,0,None,E13,C1B,-3.860000000000E0,None,None
2025-01-07,14,19,48,0,None,E15,C1B,-4.476000000000E0,None,None
2025-01-07,14,19,48,0,None,E21,C1B,-3.860000000000E0,None,None
2025-01-07,14,19,48,0,None,E27,C1B,-4.548000000000E0,None,None
2025-01-07,14,19,49,0,None,E04,C1B,-3.699000000000E0,None,None
2025-01-07,14,19,49,0,None,E13,C1B,-4.360000000000E0,None,None
2025-01-07,14,19,49,0,None,E15,C1B,-3.681000000000E0,None,None
2025-01-07,14,19,49,0,None,E21,C1B,-1.760000000000E0,None,None
2025-01-07,14,19,49,0,None,E27,C1B,-3.502000000000E0,None,None
2025-01-07,14,19,50,0,None,E04,C1B,-1.885000000000E0,None,None
2025-01-07,14,19,50,0,None,E13,C1B,-4.110000000000E0,None,None
2025-01-07,14,19,50,0,None,E15,C1B,1.019000000000E0,None,None
2025-01-07,14,19,50,0,None,E21,C1B,-1.197000000000E0,None,None
2025-01-07,14,19,50,0,None,E27,C1B,1.778000000000E0,None,None
2025-01-07,14,19,51,0,None,E04,C1B,-4.021000000000E0,None,None
2025-01-07,14,19,51,0,None,E13,C1B,-5.900000000000E-1,None,None
2025-01-07,14,19,51,0,None,E15,C1B,2.591000000000E0,None,None
2025-01-07,14,19,51,0,None,E21,C1B,-4.905000000000E0,None,None
2025-01-07,14,19,51,0,None,E27,C1B,-1.484000000000E0,None,None
2025-01-07,14,19,52,0,None,E04,C1B,-3.377000000000E0,None,None
2025-01-07,14,19,52,0,None,E13,C1B,-1.546000000000E0,None,None
2025-01-07,14,19,52,0,None,E15,C1B,-1.197000000000E0,None,None
2025-01-07,14,19,52,0,None,E21,C1B,2.860000000000E-1,None,None
2025-01-07,14,19,52,0,None,E27,C1B,-1.519000000000E0,None,None
2025-01-07,14,19,53,0,None,E04,C1B,6.260000000000E-1,None,None
2025-01-07,14,19,53,0,None,E13,C1B,-1.787000000000E0,None,None
2025-01-07,14,19,53,0,None,E15,C1B,-2.680000000000E-1,None,None
2025-01-07,14,19,53,0,None,E21,C1B,-4.422000000000E0,None,None
2025-01-07,14,19,53,0,None,E27,C1B,-4.440000000000E0,None,None
2025-01-07,14,19,54,0,None,E04,C1B,3.779000000000E0,None,None
2025-01-07,14,19,54,0,None,E13,C1B,-3.815000000000E0,None,None
2025-01-07,14,19,54,0,None,E15,C1B,-2.448000000000E0,None,None
2025-01-07,14,19,54,0,None,E21,C1B,8.400000000000E-1,None,None
2025-01-07,14,19,54,0,None,E27,C1B,2.060000000000E-1,None,None
2025-01-07,14,19,55,0,None,E04,C1B,-1.822000000000E0,None,None
2025-01-07,14,19,55,0,None,E13,C1B,-4.020000000000E-1,None,None
2025-01-07,14,19,55,0,None,E15,C1B,-7.380000000000E0,None,None
2025-01-07,14,19,55,0,None,E21,C1B,-1.447000000000E0,None,None
2025-01-07,14,19,55,0,None,E27,C1B,1.206000000000E0,None,None
2025-01-07,14,19,56,0,None,E04,C1B,1.304000000000E0,None,None
2025-01-07,14,19,56,0,None,E13,C1B,-1.340000000000E-1,None,None
2025-01-07,14,19,56,0,None,E15,C1B,2.010000000000E0,None,None
2025-01-07,14,19,56,0,None,E21,C1B,-4.530000000000E0,None,None
2025-01-07,14,19,56,0,None,E27,C1B,-1.993000000000E0,None,None
2025-01-07,14,19,57,0,None,E04,C1B,-1.224000000000E0,None,None
2025-01-07,14,19,57,0,None,E13,C1B,-1.519000000000E0,None,None
2025-01-07,14,19,57,0,None,E15,C1B,4.110000000000E-1,None,None
2025-01-07,14,19,57,0,None,E21,C1B,-3.028000000000E0,None,None
2025-01-07,14,19,57,0,None,E27,C1B,-6.013000000000E0,None,None
2025-01-07,14,19,58,0,None,E04,C1B,-6.487000000000E0,None,None
2025-01-07,14,19,58,0,None,E13,C1B,1.993000000000E0,None,None
2025-01-07,14,19,58,0,None,E15,C1B,-4.610000000000E0,None,None
2025-01-07,14,19,58,0,None,E21,C1B,-3.092000000000E0,None,None
2025-01-07,14,19,58,0,None,E27,C1B,-4.646000000000E0,None,None
2025-01-07,14,19,59,0,None,E04,C1B,-1.519000000000E0,None,None
2025-01-07,14,19,59,0,None,E13,C1B,-2.020000000000E0,None,None
2025-01-07,14,19,59,0,None,E15,C1B,2.430000000000E0,None,None
2025-01-07,14,19,59,0,None,E21,C1B,-1.537000000000E0,None,None
2025-01-07,14,19,59,0,None,E27,C1B,3.570000000000E-1,None,None
2025-01-07,14,20,00,0,None,E04,C1B,7.330000000000E-1,None,None
2025-01-07,14,20,00,0,None,E13,C1B,-1.277000000000E0,None,None
2025-01-07,14,20,00,0,None,E15,C1B,-2.940000000000E0,None,None
2025-01-07,14,20,00,0,None,E21,C1B,-1.858000000000E0,None,None
2025-01-07,14,20,00,0,None,E27,C1B,-3.663000000000E0,None,None
2025-01-07,14,20,01,0,None,E04,C1B,-2.725000000000E0,None,None
2025-01-07,14,20,01,0,None,E13,C1B,-4.470000000000E-1,None,None
2025-01-07,14,20,01,0,None,E15,C1B,8.760000000000E-1,None,None
2025-01-07,14,20,01,0,None,E21,C1B,-2.814000000000E0,None,None
2025-01-07,14,20,01,0,None,E27,C1B,1.260000000000E0,None,None
2025-01-07,14,20,02,0,None,E04,C1B,-2.332000000000E0,None,None
2025-01-07,14,20,02,0,None,E13,C1B,-3.011000000000E0,None,None
2025-01-07,14,20,02,0,None,E15,C1B,-6.620000000000E0,None,None
2025-01-07,14,20,02,0,None,E21,C1B,-4.020000000000E-1,None,None
2025-01-07,14,20,02,0,None,E27,C1B,-5.056000000000E0,None,None
2025-01-07,14,20,03,0,None,E04,C1B,1.037000000000E0,None,None
2025-01-07,14,20,03,0,None,E13,C1B,-4.226000000000E0,None,None
2025-01-07,14,20,03,0,None,E15,C1B,1.970000000000E-1,None,None
2025-01-07,14,20,03,0,None,E21,C1B,2.590000000000E-1,None,None
2025-01-07,14,20,03,0,None,E27,C1B,3.458000000000E0,None,None
2025-01-07,14,20,04,0,None,E04,C1B,3.400000000000E-1,None,None
2025-01-07,14,20,04,0,None,E13,C1B,-3.300000000000E-1,None,None
2025-01-07,14,20,04,0,None,E15,C1B,-3.190000000000E0,None,None
2025-01-07,14,20,04,0,None,E21,C1B,9.000000000000E-3,None,None
2025-01-07,14,20,04,0,None,E27,C1B,-3.386000000000E0,None,None
2025-01-07,14,20,05,0,None,E04,C1B,2.073000000000E0,None,None
2025-01-07,14,20,05,0,None,E13,C1B,-4.789000000000E0,None,None
2025-01-07,14,20,05,0,None,E15,C1B,2.538000000000E0,None,None
2025-01-07,14,20,05,0,None,E21,C1B,-1.769000000000E0,None,None
2025-01-07,14,20,05,0,None,E27,C1B,-5.762000000000E0,None,None
2025-01-07,14,20,06,0,None,E04,C1B,-1.813000000000E0,None,None
2025-01-07,14,20,06,0,None,E13,C1B,1.610000000000E-1,None,None
2025-01-07,14,20,06,0,None,E15,C1B,-2.555000000000E0,None,None
2025-01-07,14,20,06,0,None,E21,C1B,-3.064000000000E0,None,None
2025-01-07,14,20,06,0,None,E27,C1B,-4.664000000000E0,None,None
2025-01-07,14,20,07,0,None,E04,C1B,-1.519000000000E0,None,None
2025-01-07,14,20,07,0,None,E13,C1B,2.770000000000E-1,None,None
2025-01-07,14,20,07,0,None,E15,C1B,-2.716000000000E0,None,None
2025-01-07,14,20,07,0,None,E21,C1B,-1.376000000000E0,None,None
2025-01-07,14,20,07,0,None,E27,C1B,-3.306000000000E0,None,None
2025-01-07,14,20,08,0,None,E04,C1B,-2.037000000000E0,None,None
2025-01-07,14,20,08,0,None,E13,C1B,2.064000000000E0,None,None
2025-01-07,14,20,08,0,None,E15,C1B,-2.457000000000E0,None,None
2025-01-07,14,20,08,0,None,E21,C1B,1.179000000000E0,None,None
2025-01-07,14,20,08,0,None,E27,C1B,-1.447000000000E0,None,None
2025-01-07,14,20,09,0,None,E04,C1B,-3.905000000000E0,None,None
2025-01-07,14,20,09,0,None,E13,C1B,-5.128000000000E0,None,None
2025-01-07,14,20,09,0,None,E15,C1B,-3.797000000000E0,None,None
2025-01-07,14,20,09,0,None,E21,C1B,-4.538000000000E0,None,None
2025-01-07,14,20,09,0,None,E27,C1B,-6.170000000000E-1,None,None
2025-01-07,14,20,10,0,None,E04,C1B,-5.361000000000E0,None,None
2025-01-07,14,20,10,0,None,E13,C1B,-7.420000000000E-1,None,None
2025-01-07,14,20,10,0,None,E15,C1B,-5.900000000000E-1,None,None
2025-01-07,14,20,10,0,None,E21,C1B,-2.189000000000E0,None,None
2025-01-07,14,20,10,0,None,E27,C1B,-1.411000000000E0,None,None
2025-01-07,14,20,11,0,None,E04,C1B,1.009000000000E0,None,None
2025-01-07,14,20,11,0,None,E13,C1B,-5.990000000000E-1,None,None
2025-01-07,14,20,11,0,None,E15,C1B,-4.470000000000E-1,None,None
2025-01-07,14,20,11,0,None,E21,C1B,1.689000000000E0,None,None
2025-01-07,14,20,11,0,None,E27,C1B,-5.602000000000E0,None,None
2025-01-07,14,20,12,0,None,E04,C1B,-1.733000000000E0,None,None
2025-01-07,14,20,12,0,None,E13,C1B,-2.385000000000E0,None,None
2025-01-07,14,20,12,0,None,E15,C1B,7.200000000000E-2,None,None
2025-01-07,14,20,12,0,None,E21,C1B,5.400000000000E-2,None,None
2025-01-07,14,20,12,0,None,E27,C1B,-1.867000000000E0,None,None
2025-01-07,14,20,13,0,None,E04,C1B,-3.074000000000E0,None,None
2025-01-07,14,20,13,0,None,E13,C1B,-1.492000000000E0,None,None
2025-01-07,14,20,13,0,None,E15,C1B,-3.887000000000E0,None,None
2025-01-07,14,20,13,0,None,E21,C1B,-1.859000000000E0,None,None
2025-01-07,14,20,13,0,None,E27,C1B,3.573000000000E0,None,None
2025-01-07,14,20,14,0,None,E04,C1B,-8.750000000000E-1,None,None
2025-01-07,14,20,14,0,None,E13,C1B,-2.011000000000E0,None,None
2025-01-07,14,20,14,0,None,E15,C1B,-4.709000000000E0,None,None
2025-01-07,14,20,14,0,None,E21,C1B,-2.770000000000E-1,None,None
2025-01-07,14,20,14,0,None,E27,C1B,-1.492000000000E0,None,None
2025-01-07,14,20,15,0,None,E04,C1B,-2.958000000000E0,None,None
2025-01-07,14,20,15,0,None,E13,C1B,5.360000000000E-1,None,None
2025-01-07,14,20,15,0,None,E15,C1B,-2.949000000000E0,None,None
2025-01-07,14,20,15,0,None,E21,C1B,-1.340000000000E-1,None,None
2025-01-07,14,20,15,0,None,E27,C1B,-6.406000000000E0,None,None
2025-01-07,14,20,16,0,None,E04,C1B,-3.342000000000E0,None,None
2025-01-07,14,20,16,0,None,E13,C1B,-4.190000000000E0,None,None
2025-01-07,14,20,16,0,None,E15,C1B,-6.683000000000E0,None,None
2025-01-07,14,20,16,0,None,E21,C1B,-2.163000000000E0,None,None
2025-01-07,14,20,16,0,None,E27,C1B,-1.189000000000E0,None,None
2025-01-07,14,20,17,0,None,E04,C1B,-3.538000000000E0,None,None
2025-01-07,14,20,17,0,None,E13,C1B,-8.670000000000E-1,None,None
2025-01-07,14,20,17,0,None,E15,C1B,3.851000000000E0,None,None
2025-01-07,14,20,17,0,None,E21,C1B,-3.565000000000E0,None,None
2025-01-07,14,20,17,0,None,E27,C1B,-1.805000000000E0,None,None
2025-01-07,14,20,18,0,None,E04,C1B,-2.931000000000E0,None,None
2025-01-07,14,20,18,0,None,E13,C1B,-4.369000000000E0,None,None
2025-01-07,14,20,18,0,None,E15,C1B,9.830000000000E-1,None,None
2025-01-07,14,20,18,0,None,E21,C1B,-4.833000000000E0,None,None
2025-01-07,14,20,18,0,None,E27,C1B,-2.895000000000E0,None,None
2025-01-07,14,20,19,0,None,E04,C1B,-8.310000000000E-1,None,None
2025-01-07,14,20,19,0,None,E13,C1B,4.700000000000E0,None,None
2025-01-07,14,20,19,0,None,E15,C1B,1.778000000000E0,None,None
2025-01-07,14,20,19,0,None,E21,C1B,-1.278000000000E0,None,None
2025-01-07,14,20,19,0,None,E27,C1B,-1.752000000000E0,None,None
2025-01-07,14,20,20,0,None,E04,C1B,-2.019000000000E0,None,None
2025-01-07,14,20,20,0,None,E13,C1B,-1.162000000000E0,None,None
2025-01-07,14,20,20,0,None,E15,C1B,-4.798000000000E0,None,None
2025-01-07,14,20,20,0,None,E21,C1B,-5.540000000000E-1,None,None
2025-01-07,14,20,20,0,None,E27,C1B,-4.396000000000E0,None,None
2025-01-07,14,20,21,0,None,E04,C1B,-6.183000000000E0,None,None
2025-01-07,14,20,21,0,None,E13,C1B,-6.610000000000E-1,None,None
2025-01-07,14,20,21,0,None,E15,C1B,-5.173000000000E0,None,None
2025-01-07,14,20,21,0,None,E21,C1B,-1.870000000000E-1,None,None
2025-01-07,14,20,21,0,None,E27,C1B,-3.994000000000E0,None,None
2025-01-07,14,20,22,0,None,E04,C1B,-1.858000000000E0,None,None
2025-01-07,14,20,22,0,None,E13,C1B,3.154000000000E0,None,None
2025-01-07,14,20,22,0,None,E15,C1B,-4.261000000000E0,None,None
2025-01-07,14,20,22,0,None,E21,C1B,-3.716000000000E0,None,None
2025-01-07,14,20,22,0,None,E27,C1B,1.420000000000E0,None,None
2025-01-07,14,20,23,0,None,E04,C1B,-3.601000000000E0,None,None
2025-01-07,14,20,23,0,None,E13,C1B,-5.459000000000E0,None,None
2025-01-07,14,20,23,0,None,E15,C1B,-2.502000000000E0,None,None
2025-01-07,14,20,23,0,None,E21,C1B,-2.912000000000E0,None,None
2025-01-07,14,20,23,0,None,E27,C1B,1.322000000000E0,None,None
2025-01-07,14,20,24,0,None,E04,C1B,-7.060000000000E-1,None,None
2025-01-07,14,20,24,0,None,E13,C1B,-1.555000000000E0,None,None
2025-01-07,14,20,24,0,None,E15,C1B,-2.608000000000E0,None,None
2025-01-07,14,20,24,0,None,E21,C1B,-1.725000000000E0,None,None
2025-01-07,14,20,24,0,None,E27,C1B,-2.654000000000E0,None,None
2025-01-07,14,20,25,0,None,E04,C1B,-1.796000000000E0,None,None
2025-01-07,14,20,25,0,None,E13,C1B,-3.750000000000E-1,None,None
2025-01-07,14,20,25,0,None,E15,C1B,6.710000000000E-1,None,None
2025-01-07,14,20,25,0,None,E21,C1B,-1.152000000000E0,None,None
2025-01-07,14,20,25,0,None,E27,C1B,8.490000000000E-1,None,None
2025-01-07,14,20,26,0,None,E04,C1B,-7.420000000000E-1,None,None
2025-01-07,14,20,26,0,None,E13,C1B,-2.797000000000E0,None,None
2025-01-07,14,20,26,0,None,E15,C1B,-4.744000000000E0,None,None
2025-01-07,14,20,26,0,None,E21,C1B,1.162000000000E0,None,None
2025-01-07,14,20,26,0,None,E27,C1B,-4.163000000000E0,None,None
2025-01-07,14,20,27,0,None,E04,C1B,-7.308000000000E0,None,None
2025-01-07,14,20,27,0,None,E13,C1B,-8.480000000000E-1,None,None
2025-01-07,14,20,27,0,None,E15,C1B,-6.781000000000E0,None,None
2025-01-07,14,20,27,0,None,E21,C1B,-2.135000000000E0,None,None
2025-01-07,14,20,27,0,None,E27,C1B,-2.565000000000E0,None,None
2025-01-07,14,20,28,0,None,E04,C1B,-3.860000000000E0,None,None
2025-01-07,14,20,28,0,None,E13,C1B,-3.225000000000E0,None,None
2025-01-07,14,20,28,0,None,E15,C1B,-1.402000000000E0,None,None
2025-01-07,14,20,28,0,None,E21,C1B,-1.010000000000E0,None,None
2025-01-07,14,20,28,0,None,E27,C1B,-2.564000000000E0,None,None
2025-01-07,14,20,29,0,None,E04,C1B,-2.502000000000E0,None,None
2025-01-07,14,20,29,0,None,E13,C1B,-4.730000000000E-1,None,None
2025-01-07,14,20,29,0,None,E15,C1B,-3.002000000000E0,None,None
2025-01-07,14,20,29,0,None,E21,C1B,-4.003000000000E0,None,None
2025-01-07,14,20,29,0,None,E27,C1B,-6.700000000000E-1,None,None
2025-01-07,14,20,30,0,None,E04,C1B,-5.110000000000E0,None,None
2025-01-07,14,20,30,0,None,E13,C1B,-9.560000000000E-1,None,None
2025-01-07,14,20,30,0,None,E15,C1B,-2.940000000000E-1,None,None
2025-01-07,14,20,30,0,None,E21,C1B,-3.618000000000E0,None,None
2025-01-07,14,20,30,0,None,E27,C1B,-5.146000000000E0,None,None
2025-01-07,14,20,31,0,None,E04,C1B,-3.217000000000E0,None,None
2025-01-07,14,20,31,0,None,E13,C1B,-1.850000000000E0,None,None
2025-01-07,14,20,31,0,None,E15,C1B,-3.163000000000E0,None,None
2025-01-07,14,20,31,0,None,E21,C1B,-3.735000000000E0,None,None
2025-01-07,14,20,31,0,None,E27,C1B,-1.975000000000E0,None,None
2025-01-07,14,20,32,0,None,E04,C1B,-2.707000000000E0,None,None
2025-01-07,14,20,32,0,None,E13,C1B,-2.877000000000E0,None,None
2025-01-07,14,20,32,0,None,E15,C1B,-1.466000000000E0,None,None
2025-01-07,14,20,32,0,None,E21,C1B,-1.876000000000E0,None,None
2025-01-07,14,20,32,0,None,E27,C1B,-1.376000000000E0,None,None
2025-01-07,14,20,33,0,None,E04,C1B,-1.760000000000E0,None,None
2025-01-07,14,20,33,0,None,E13,C1B,-1.957000000000E0,None,None
2025-01-07,14,20,33,0,None,E15,C1B,-2.680000000000E0,None,None
2025-01-07,14,20,33,0,None,E21,C1B,-2.778000000000E0,None,None
2025-01-07,14,20,33,0,None,E27,C1B,-3.162000000000E0,None,None
2025-01-07,14,20,34,0,None,E04,C1B,-3.511000000000E0,None,None
2025-01-07,14,20,34,0,None,E13,C1B,-4.360000000000E0,None,None
2025-01-07,14,20,34,0,None,E15,C1B,-5.980000000000E-1,None,None
2025-01-07,14,20,34,0,None,E21,C1B,-2.260000000000E0,None,None
2025-01-07,14,20,34,0,None,E27,C1B,-1.520000000000E-1,None,None
2025-01-07,14,20,35,0,None,E04,C1B,-6.764000000000E0,None,None
2025-01-07,14,20,35,0,None,E13,C1B,-3.262000000000E0,None,None
2025-01-07,14,20,35,0,None,E15,C1B,1.143000000000E0,None,None
2025-01-07,14,20,35,0,None,E21,C1B,-5.244000000000E0,None,None
2025-01-07,14,20,35,0,None,E27,C1B,4.820000000000E-1,None,None
2025-01-07,14,20,36,0,None,E04,C1B,-3.154000000000E0,None,None
2025-01-07,14,20,36,0,None,E13,C1B,1.492000000000E0,None,None
2025-01-07,14,20,36,0,None,E15,C1B,-3.770000000000E0,None,None
2025-01-07,14,20,36,0,None,E21,C1B,-1.876000000000E0,None,None
2025-01-07,14,20,36,0,None,E27,C1B,-1.921000000000E0,None,None
2025-01-07,14,20,37,0,None,E04,C1B,1.277000000000E0,None,None
2025-01-07,14,20,37,0,None,E13,C1B,-5.048000000000E0,None,None
2025-01-07,14,20,37,0,None,E15,C1B,2.091000000000E0,None,None
2025-01-07,14,20,37,0,None,E21,C1B,-1.081000000000E0,None,None
2025-01-07,14,20,37,0,None,E27,C1B,-2.225000000000E0,None,None
2025-01-07,14,20,38,0,None,E04,C1B,-2.859000000000E0,None,None
2025-01-07,14,20,38,0,None,E13,C1B,-3.431000000000E0,None,None
2025-01-07,14,20,38,0,None,E15,C1B,-3.234000000000E0,None,None
2025-01-07,14,20,38,0,None,E21,C1B,-1.680000000000E0,None,None
2025-01-07,14,20,38,0,None,E27,C1B,-3.073000000000E0,None,None
2025-01-07,14,20,39,0,None,E04,C1B,1.313000000000E0,None,None
2025-01-07,14,20,39,0,None,E13,C1B,-1.876000000000E0,None,None
2025-01-07,14,20,39,0,None,E15,C1B,-3.690000000000E0,None,None
2025-01-07,14,20,39,0,None,E21,C1B,-1.224000000000E0,None,None
2025-01-07,14,20,39,0,None,E27,C1B,8.760000000000E-1,None,None
2025-01-07,14,20,40,0,None,E04,C1B,-1.555000000000E0,None,None
2025-01-07,14,20,40,0,None,E13,C1B,-3.055000000000E0,None,None
2025-01-07,14,20,40,0,None,E15,C1B,-1.134000000000E0,None,None
2025-01-07,14,20,40,0,None,E21,C1B,-3.342000000000E0,None,None
2025-01-07,14,20,40,0,None,E27,C1B,-4.619000000000E0,None,None
2025-01-07,14,20,41,0,None,E04,C1B,-3.940000000000E0,None,None
2025-01-07,14,20,41,0,None,E13,C1B,-2.269000000000E0,None,None
2025-01-07,14,20,41,0,None,E15,C1B,7.500000000000E-1,None,None
2025-01-07,14,20,41,0,None,E21,C1B,-4.290000000000E-1,None,None
2025-01-07,14,20,41,0,None,E27,C1B,-1.358000000000E0,None,None
2025-01-07,14,20,42,0,None,E04,C1B,4.199000000000E0,None,None
2025-01-07,14,20,42,0,None,E13,C1B,7.510000000000E-1,None,None
2025-01-07,14,20,42,0,None,E15,C1B,-6.191000000000E0,None,None
2025-01-07,14,20,42,0,None,E21,C1B,-4.664000000000E0,None,None
2025-01-07,14,20,42,0,None,E27,C1B,-2.064000000000E0,None,None
2025-01-07,14,20,43,0,None,E04,C1B,-1.751000000000E0,None,None
2025-01-07,14,20,43,0,None,E13,C1B,-3.538000000000E0,None,None
2025-01-07,14,20,43,0,None,E15,C1B,1.188000000000E0,None,None
2025-01-07,14,20,43,0,None,E21,C1B,-6.520000000000E-1,None,None
2025-01-07,14,20,43,0,None,E27,C1B,7.420000000000E-1,None,None
2025-01-07,14,20,44,0,None,E04,C1B,2.805000000000E0,None,None
2025-01-07,14,20,44,0,None,E13,C1B,-3.020000000000E0,None,None
2025-01-07,14,20,44,0,None,E15,C1B,6.160000000000E-1,None,None
2025-01-07,14,20,44,0,None,E21,C1B,-1.652000000000E0,None,None
2025-01-07,14,20,44,0,None,E27,C1B,-6.951000000000E0,None,None
2025-01-07,14,20,45,0,None,E04,C1B,-2.769000000000E0,None,None
2025-01-07,14,20,45,0,None,E13,C1B,-5.620000000000E-1,None,None
2025-01-07,14,20,45,0,None,E15,C1B,-1.520000000000E-1,None,None
2025-01-07,14,20,45,0,None,E21,C1B,1.483000000000E0,None,None
2025-01-07,14,20,45,0,None,E27,C1B,-4.109000000000E0,None,None
2025-01-07,14,20,46,0,None,E04,C1B,-2.410000000000E-1,None,None
2025-01-07,14,20,46,0,None,E13,C1B,-4.655000000000E0,None,None
2025-01-07,14,20,46,0,None,E15,C1B,-2.895000000000E0,None,None
2025-01-07,14,20,46,0,None,E21,C1B,-1.501000000000E0,None,None
2025-01-07,14,20,46,0,None,E27,C1B,3.565000000000E0,None,None
2025-01-07,14,20,47,0,None,E04,C1B,-2.091000000000E0,None,None
2025-01-07,14,20,47,0,None,E13,C1B,-2.224000000000E0,None,None
2025-01-07,14,20,47,0,None,E15,C1B,8.840000000000E-1,None,None
2025-01-07,14,20,47,0,None,E21,C1B,1.610000000000E-1,None,None
2025-01-07,14,20,47,0,None,E27,C1B,-4.056000000000E0,None,None
2025-01-07,14,20,48,0,None,E04,C1B,-1.086500000000E1,None,None
2025-01-07,14,20,48,0,None,E13,C1B,-2.582000000000E0,None,None
2025-01-07,14,20,48,0,None,E15,C1B,1.349000000000E0,None,None
2025-01-07,14,20,48,0,None,E21,C1B,2.510000000000E-1,None,None
2025-01-07,14,20,48,0,None,E27,C1B,-1.885000000000E0,None,None
2025-01-07,14,20,49,0,None,E04,C1B,-3.038000000000E0,None,None
2025-01-07,14,20,49,0,None,E13,C1B,5.090000000000E-1,None,None
2025-01-07,14,20,49,0,None,E15,C1B,-3.949000000000E0,None,None
2025-01-07,14,20,49,0,None,E21,C1B,-2.072000000000E0,None,None
2025-01-07,14,20,49,0,None,E27,C1B,-9.167000000000E0,None,None
2025-01-07,14,20,50,0,None,E04,C1B,-2.261000000000E0,None,None
2025-01-07,14,20,50,0,None,E13,C1B,-1.537000000000E0,None,None
2025-01-07,14,20,50,0,None,E15,C1B,-3.485000000000E0,None,None
2025-01-07,14,20,50,0,None,E21,C1B,-3.368000000000E0,None,None
2025-01-07,14,20,50,0,None,E27,C1B,-3.038000000000E0,None,None
2025-01-07,14,20,51,0,None,E04,C1B,-9.000000000000E-3,None,None
2025-01-07,14,20,51,0,None,E13,C1B,-3.270000000000E0,None,None
2025-01-07,14,20,51,0,None,E15,C1B,-2.814000000000E0,None,None
2025-01-07,14,20,51,0,None,E21,C1B,-1.135000000000E0,None,None
2025-01-07,14,20,51,0,None,E27,C1B,2.591000000000E0,None,None
2025-01-07,14,20,52,0,None,E04,C1B,-1.331000000000E0,None,None
2025-01-07,14,20,52,0,None,E13,C1B,-2.948000000000E0,None,None
2025-01-07,14,20,52,0,None,E15,C1B,1.610000000000E-1,None,None
2025-01-07,14,20,52,0,None,E21,C1B,-2.422000000000E0,None,None
2025-01-07,14,20,52,0,None,E27,C1B,-1.966000000000E0,None,None
2025-01-07,14,20,53,0,None,E04,C1B,-2.555000000000E0,None,None
2025-01-07,14,20,53,0,None,E13,C1B,-2.252000000000E0,None,None
2025-01-07,14,20,53,0,None,E15,C1B,-1.715000000000E0,None,None
2025-01-07,14,20,53,0,None,E21,C1B,-3.297000000000E0,None,None
2025-01-07,14,20,53,0,None,E27,C1B,-4.470000000000E-1,None,None
2025-01-07,14,20,54,0,None,E04,C1B,-3.797000000000E0,None,None
2025-01-07,14,20,54,0,None,E13,C1B,5.270000000000E-1,None,None
2025-01-07,14,20,54,0,None,E15,C1B,-2.279000000000E0,None,None
2025-01-07,14,20,54,0,None,E21,C1B,5.540000000000E-1,None,None
2025-01-07,14,20,54,0,None,E27,C1B,-5.789000000000E0,None,None
2025-01-07,14,20,55,0,None,E04,C1B,-4.950000000000E0,None,None
2025-01-07,14,20,55,0,None,E13,C1B,1.224000000000E0,None,None
2025-01-07,14,20,55,0,None,E15,C1B,5.360000000000E-1,None,None
2025-01-07,14,20,55,0,None,E21,C1B,-1.278000000000E0,None,None
2025-01-07,14,20,55,0,None,E27,C1B,-6.755000000000E0,None,None
2025-01-07,14,20,56,0,None,E04,C1B,-4.888000000000E0,None,None
2025-01-07,14,20,56,0,None,E13,C1B,-3.040000000000E-1,None,None
2025-01-07,14,20,56,0,None,E15,C1B,-5.405000000000E0,None,None
2025-01-07,14,20,56,0,None,E21,C1B,-1.313000000000E0,None,None
2025-01-07,14,20,56,0,None,E27,C1B,-3.761000000000E0,None,None
2025-01-07,14,20,57,0,None,E04,C1B,-3.770000000000E0,None,None
2025-01-07,14,20,57,0,None,E13,C1B,-1.984000000000E0,None,None
2025-01-07,14,20,57,0,None,E15,C1B,-1.697000000000E0,None,None
2025-01-07,14,20,57,0,None,E21,C1B,-7.320000000000E-1,None,None
2025-01-07,14,20,57,0,None,E27,C1B,-3.565000000000E0,None,None
2025-01-07,14,20,58,0,None,E04,C1B,4.155000000000E0,None,None
2025-01-07,14,20,58,0,None,E13,C1B,1.376000000000E0,None,None
2025-01-07,14,20,58,0,None,E15,C1B,-1.975000000000E0,None,None
2025-01-07,14,20,58,0,None,E21,C1B,3.040000000000E-1,None,None
2025-01-07,14,20,58,0,None,E27,C1B,-1.582000000000E0,None,None
2025-01-07,14,20,59,0,None,E04,C1B,1.439000000000E0,None,None
2025-01-07,14,20,59,0,None,E13,C1B,-4.333000000000E0,None,None
2025-01-07,14,20,59,0,None,E15,C1B,-1.831000000000E0,None,None
2025-01-07,14,20,59,0,None,E21,C1B,-2.904000000000E0,None,None
2025-01-07,14,20,59,0,None,E27,C1B,-2.082000000000E0,None,None
2025-01-07,14,21,00,0,None,E04,C1B,-2.448000000000E0,None,None
2025-01-07,14,21,00,0,None,E13,C1B,-2.126000000000E0,None,None
2025-01-07,14,21,00,0,None,E15,C1B,-1.251000000000E0,None,None
2025-01-07,14,21,00,0,None,E21,C1B,-1.161000000000E0,None,None
2025-01-07,14,21,00,0,None,E27,C1B,-1.108000000000E0,None,None
2025-01-07,14,21,01,0,None,E04,C1B,-4.664000000000E0,None,None
2025-01-07,14,21,01,0,None,E13,C1B,-2.055000000000E0,None,None
2025-01-07,14,21,01,0,None,E15,C1B,1.411000000000E0,None,None
2025-01-07,14,21,01,0,None,E21,C1B,5.180000000000E-1,None,None
2025-01-07,14,21,01,0,None,E27,C1B,7.230000000000E-1,None,None
2025-01-07,14,21,02,0,None,E04,C1B,2.663000000000E0,None,None
2025-01-07,14,21,02,0,None,E13,C1B,-2.189000000000E0,None,None
2025-01-07,14,21,02,0,None,E15,C1B,7.600000000000E-1,None,None
2025-01-07,14,21,02,0,None,E21,C1B,-4.511000000000E0,None,None
2025-01-07,14,21,02,0,None,E27,C1B,6.160000000000E-1,None,None
2025-01-07,14,21,03,0,None,E04,C1B,-9.380000000000E-1,None,None
2025-01-07,14,21,03,0,None,E13,C1B,-1.429000000000E0,None,None
2025-01-07,14,21,03,0,None,E15,C1B,3.600000000000E0,None,None
2025-01-07,14,21,03,0,None,E21,C1B,-4.110000000000E0,None,None
2025-01-07,14,21,03,0,None,E27,C1B,-2.716000000000E0,None,None
2025-01-07,14,21,04,0,None,E04,C1B,-1.662000000000E0,None,None
2025-01-07,14,21,04,0,None,E13,C1B,-6.674000000000E0,None,None
2025-01-07,14,21,04,0,None,E15,C1B,4.941000000000E0,None,None
2025-01-07,14,21,04,0,None,E21,C1B,-3.538000000000E0,None,None
2025-01-07,14,21,04,0,None,E27,C1B,3.958000000000E0,None,None
2025-01-07,14,21,05,0,None,E04,C1B,2.081000000000E0,None,None
2025-01-07,14,21,05,0,None,E13,C1B,-5.986000000000E0,None,None
2025-01-07,14,21,05,0,None,E15,C1B,1.930000000000E0,None,None
2025-01-07,14,21,05,0,None,E21,C1B,-2.591000000000E0,None,None
2025-01-07,14,21,05,0,None,E27,C1B,-2.198000000000E0,None,None
2025-01-07,14,21,06,0,None,E04,C1B,2.591000000000E0,None,None
2025-01-07,14,21,06,0,None,E13,C1B,-1.331000000000E0,None,None
2025-01-07,14,21,06,0,None,E15,C1B,4.003000000000E0,None,None
2025-01-07,14,21,06,0,None,E21,C1B,-4.029000000000E0,None,None
2025-01-07,14,21,06,0,None,E27,C1B,-1.117000000000E0,None,None
2025-01-07,14,21,07,0,None,E04,C1B,-6.170000000000E-1,None,None
2025-01-07,14,21,07,0,None,E13,C1B,-2.672000000000E0,None,None
2025-01-07,14,21,07,0,None,E15,C1B,6.520000000000E-1,None,None
2025-01-07,14,21,07,0,None,E21,C1B,-5.270000000000E-1,None,None
2025-01-07,14,21,07,0,None,E27,C1B,-2.144000000000E0,None,None
2025-01-07,14,21,08,0,None,E04,C1B,-5.646000000000E0,None,None
2025-01-07,14,21,08,0,None,E13,C1B,-3.467000000000E0,None,None
2025-01-07,14,21,08,0,None,E15,C1B,1.867000000000E0,None,None
2025-01-07,14,21,08,0,None,E21,C1B,-2.189000000000E0,None,None
2025-01-07,14,21,08,0,None,E27,C1B,-3.859000000000E0,None,None
2025-01-07,14,21,09,0,None,E04,C1B,-1.233000000000E0,None,None
2025-01-07,14,21,09,0,None,E13,C1B,-2.573000000000E0,None,None
2025-01-07,14,21,09,0,None,E15,C1B,-1.572000000000E0,None,None
2025-01-07,14,21,09,0,None,E21,C1B,-8.670000000000E-1,None,None
2025-01-07,14,21,09,0,None,E27,C1B,9.000000000000E-3,None,None
2025-01-07,14,21,10,0,None,E04,C1B,-2.779000000000E0,None,None
2025-01-07,14,21,10,0,None,E13,C1B,3.130000000000E-1,None,None
2025-01-07,14,21,10,0,None,E15,C1B,-5.540000000000E-1,None,None
2025-01-07,14,21,10,0,None,E21,C1B,-1.527000000000E0,None,None
2025-01-07,14,21,10,0,None,E27,C1B,-3.583000000000E0,None,None
2025-01-07,14,21,11,0,None,E04,C1B,1.144000000000E0,None,None
2025-01-07,14,21,11,0,None,E13,C1B,7.500000000000E-1,None,None
2025-01-07,14,21,11,0,None,E15,C1B,9.000000000000E-2,None,None
2025-01-07,14,21,11,0,None,E21,C1B,-3.413000000000E0,None,None
2025-01-07,14,21,11,0,None,E27,C1B,-1.716000000000E0,None,None
2025-01-07,14,21,12,0,None,E04,C1B,-5.084000000000E0,None,None
2025-01-07,14,21,12,0,None,E13,C1B,-4.440000000000E0,None,None
2025-01-07,14,21,12,0,None,E15,C1B,-3.377000000000E0,None,None
2025-01-07,14,21,12,0,None,E21,C1B,-4.910000000000E-1,None,None
2025-01-07,14,21,12,0,None,E27,C1B,1.823000000000E0,None,None
2025-01-07,14,21,13,0,None,E04,C1B,-6.218000000000E0,None,None
2025-01-07,14,21,13,0,None,E13,C1B,-3.760000000000E-1,None,None
2025-01-07,14,21,13,0,None,E15,C1B,-7.344000000000E0,None,None
2025-01-07,14,21,13,0,None,E21,C1B,1.117000000000E0,None,None
2025-01-07,14,21,13,0,None,E27,C1B,-5.504000000000E0,None,None
2025-01-07,14,21,14,0,None,E04,C1B,-2.859000000000E0,None,None
2025-01-07,14,21,14,0,None,E13,C1B,-1.438000000000E0,None,None
2025-01-07,14,21,14,0,None,E15,C1B,-5.316000000000E0,None,None
2025-01-07,14,21,14,0,None,E21,C1B,-3.047000000000E0,None,None
2025-01-07,14,21,14,0,None,E27,C1B,-2.958000000000E0,None,None
2025-01-07,14,21,15,0,None,E04,C1B,-1.313000000000E0,None,None
2025-01-07,14,21,15,0,None,E13,C1B,1.743000000000E0,None,None
2025-01-07,14,21,15,0,None,E15,C1B,-2.940000000000E0,None,None
2025-01-07,14,21,15,0,None,E21,C1B,2.126000000000E0,None,None
2025-01-07,14,21,15,0,None,E27,C1B,-2.948000000000E0,None,None
2025-01-07,14,21,16,0,None,E04,C1B,-1.858000000000E0,None,None
2025-01-07,14,21,16,0,None,E13,C1B,-1.070000000000E-1,None,None
2025-01-07,14,21,16,0,None,E15,C1B,2.565000000000E0,None,None
2025-01-07,14,21,16,0,None,E21,C1B,-1.170000000000E0,None,None
2025-01-07,14,21,16,0,None,E27,C1B,-1.904000000000E0,None,None
2025-01-07,14,21,17,0,None,E04,C1B,-6.370000000000E0,None,None
2025-01-07,14,21,17,0,None,E13,C1B,-6.790000000000E-1,None,None
2025-01-07,14,21,17,0,None,E15,C1B,2.700000000000E-2,None,None
2025-01-07,14,21,17,0,None,E21,C1B,-2.207000000000E0,None,None
2025-01-07,14,21,17,0,None,E27,C1B,1.610000000000E-1,None,None
2025-01-07,14,21,18,0,None,E04,C1B,3.350000000000E0,None,None
2025-01-07,14,21,18,0,None,E13,C1B,-8.400000000000E-1,None,None
2025-01-07,14,21,18,0,None,E15,C1B,-5.075000000000E0,None,None
2025-01-07,14,21,18,0,None,E21,C1B,-1.930000000000E0,None,None
2025-01-07,14,21,18,0,None,E27,C1B,-2.538000000000E0,None,None
2025-01-07,14,21,19,0,None,E04,C1B,-1.028000000000E0,None,None
2025-01-07,14,21,19,0,None,E13,C1B,-5.915000000000E0,None,None
2025-01-07,14,21,19,0,None,E15,C1B,-3.493000000000E0,None,None
2025-01-07,14,21,19,0,None,E21,C1B,-3.555000000000E0,None,None
2025-01-07,14,21,19,0,None,E27,C1B,-3.753000000000E0,None,None
2025-01-07,14,21,20,0,None,E04,C1B,-1.724000000000E0,None,None
2025-01-07,14,21,20,0,None,E13,C1B,-2.984000000000E0,None,None
2025-01-07,14,21,20,0,None,E15,C1B,7.780000000000E-1,None,None
2025-01-07,14,21,20,0,None,E21,C1B,-3.753000000000E0,None,None
2025-01-07,14,21,20,0,None,E27,C1B,9.900000000000E-2,None,None
2025-01-07,14,21,21,0,None,E04,C1B,-6.817000000000E0,None,None
2025-01-07,14,21,21,0,None,E13,C1B,-6.915000000000E0,None,None
2025-01-07,14,21,21,0,None,E15,C1B,-1.430000000000E-1,None,None
2025-01-07,14,21,21,0,None,E21,C1B,3.130000000000E-1,None,None
2025-01-07,14,21,21,0,None,E27,C1B,-2.537000000000E0,None,None
2025-01-07,14,21,22,0,None,E04,C1B,-1.207000000000E0,None,None
2025-01-07,14,21,22,0,None,E13,C1B,-4.039000000000E0,None,None
2025-01-07,14,21,22,0,None,E15,C1B,-2.050000000000E-1,None,None
2025-01-07,14,21,22,0,None,E21,C1B,-2.573000000000E0,None,None
2025-01-07,14,21,22,0,None,E27,C1B,-1.474000000000E0,None,None
2025-01-07,14,21,23,0,None,E04,C1B,1.876000000000E0,None,None
2025-01-07,14,21,23,0,None,E13,C1B,-2.072000000000E0,None,None
2025-01-07,14,21,23,0,None,E15,C1B,-1.070000000000E-1,None,None
2025-01-07,14,21,23,0,None,E21,C1B,-3.904000000000E0,None,None
2025-01-07,14,21,23,0,None,E27,C1B,-3.368000000000E0,None,None
2025-01-07,14,21,24,0,None,E04,C1B,4.378000000000E0,None,None
2025-01-07,14,21,24,0,None,E13,C1B,8.940000000000E-1,None,None
2025-01-07,14,21,24,0,None,E15,C1B,-1.403000000000E0,None,None
2025-01-07,14,21,24,0,None,E21,C1B,-1.536000000000E0,None,None
2025-01-07,14,21,24,0,None,E27,C1B,-2.341000000000E0,None,None
2025-01-07,14,21,25,0,None,E04,C1B,-4.101000000000E0,None,None
2025-01-07,14,21,25,0,None,E13,C1B,-3.949000000000E0,None,None
2025-01-07,14,21,25,0,None,E15,C1B,-1.841000000000E0,None,None
2025-01-07,14,21,25,0,None,E21,C1B,-2.529000000000E0,None,None
2025-01-07,14,21,25,0,None,E27,C1B,1.036000000000E0,None,None
2025-01-07,14,21,26,0,None,E04,C1B,-2.225000000000E0,None,None
2025-01-07,14,21,26,0,None,E13,C1B,-1.340000000000E0,None,None
2025-01-07,14,21,26,0,None,E15,C1B,-2.019000000000E0,None,None
2025-01-07,14,21,26,0,None,E21,C1B,-1.260000000000E0,None,None
2025-01-07,14,21,26,0,None,E27,C1B,-2.984000000000E0,None,None
2025-01-07,14,21,27,0,None,E04,C1B,-2.150000000000E-1,None,None
2025-01-07,14,21,27,0,None,E13,C1B,-2.127000000000E0,None,None
2025-01-07,14,21,27,0,None,E15,C1B,5.057000000000E0,None,None
2025-01-07,14,21,27,0,None,E21,C1B,-1.179000000000E0,None,None
2025-01-07,14,21,27,0,None,E27,C1B,-2.421000000000E0,None,None
2025-01-07,14,21,28,0,None,E04,C1B,-2.529000000000E0,None,None
2025-01-07,14,21,28,0,None,E13,C1B,-7.148000000000E0,None,None
2025-01-07,14,21,28,0,None,E15,C1B,-5.914000000000E0,None,None
2025-01-07,14,21,28,0,None,E21,C1B,-2.349000000000E0,None,None
2025-01-07,14,21,28,0,None,E27,C1B,6.610000000000E-1,None,None
2025-01-07,14,21,29,0,None,E04,C1B,-1.644000000000E0,None,None
2025-01-07,14,21,29,0,None,E13,C1B,7.780000000000E-1,None,None
2025-01-07,14,21,29,0,None,E15,C1B,1.286000000000E0,None,None
2025-01-07,14,21,29,0,None,E21,C1B,-1.402000000000E0,None,None
2025-01-07,14,21,29,0,None,E27,C1B,-1.055000000000E0,None,None
2025-01-07,14,21,30,0,None,E04,C1B,-2.698000000000E0,None,None
2025-01-07,14,21,30,0,None,E13,C1B,-4.467000000000E0,None,None
2025-01-07,14,21,30,0,None,E15,C1B,5.450000000000E-1,None,None
2025-01-07,14,21,30,0,None,E21,C1B,1.474000000000E0,None,None
2025-01-07,14,21,30,0,None,E27,C1B,-2.386000000000E0,None,None
2025-01-07,14,21,31,0,None,E04,C1B,2.752000000000E0,None,None
2025-01-07,14,21,31,0,None,E13,C1B,2.332000000000E0,None,None
2025-01-07,14,21,31,0,None,E15,C1B,9.650000000000E-1,None,None
2025-01-07,14,21,31,0,None,E21,C1B,-1.082000000000E0,None,None
2025-01-07,14,21,31,0,None,E27,C1B,-4.959000000000E0,None,None
2025-01-07,14,21,32,0,None,E04,C1B,6.080000000000E-1,None,None
2025-01-07,14,21,32,0,None,E13,C1B,-2.207000000000E0,None,None
2025-01-07,14,21,32,0,None,E15,C1B,-4.628000000000E0,None,None
2025-01-07,14,21,32,0,None,E21,C1B,-4.673000000000E0,None,None
2025-01-07,14,21,32,0,None,E27,C1B,3.040000000000E-1,None,None
2025-01-07,14,21,33,0,None,E04,C1B,-1.027000000000E0,None,None
2025-01-07,14,21,33,0,None,E13,C1B,-3.941000000000E0,None,None
2025-01-07,14,21,33,0,None,E15,C1B,-3.503000000000E0,None,None
2025-01-07,14,21,33,0,None,E21,C1B,-1.849000000000E0,None,None
2025-01-07,14,21,33,0,None,E27,C1B,-3.270000000000E0,None,None
2025-01-07,14,21,34,0,None,E04,C1B,-2.484000000000E0,None,None
2025-01-07,14,21,34,0,None,E13,C1B,-1.314000000000E0,None,None
2025-01-07,14,21,34,0,None,E15,C1B,6.610000000000E-1,None,None
2025-01-07,14,21,34,0,None,E21,C1B,-4.290000000000E-1,None,None
2025-01-07,14,21,34,0,None,E27,C1B,2.886000000000E0,None,None
2025-01-07,14,21,35,0,None,E04,C1B,-4.494000000000E0,None,None
2025-01-07,14,21,35,0,None,E13,C1B,-2.349000000000E0,None,None
2025-01-07,14,21,35,0,None,E15,C1B,1.974000000000E0,None,None
2025-01-07,14,21,35,0,None,E21,C1B,-3.887000000000E0,None,None
2025-01-07,14,21,35,0,None,E27,C1B,-2.850000000000E0,None,None
2025-01-07,14,21,36,0,None,E04,C1B,-1.376000000000E0,None,None
2025-01-07,14,21,36,0,None,E13,C1B,-5.000000000000E-1,None,None
2025-01-07,14,21,36,0,None,E15,C1B,1.930000000000E0,None,None
2025-01-07,14,21,36,0,None,E21,C1B,-2.689000000000E0,None,None
2025-01-07,14,21,36,0,None,E27,C1B,-2.824000000000E0,None,None
2025-01-07,14,21,37,0,None,E04,C1B,-2.216000000000E0,None,None
2025-01-07,14,21,37,0,None,E13,C1B,-7.150000000000E-1,None,None
2025-01-07,14,21,37,0,None,E15,C1B,-3.628000000000E0,None,None
2025-01-07,14,21,37,0,None,E21,C1B,-2.278000000000E0,None,None
2025-01-07,14,21,37,0,None,E27,C1B,3.440000000000E0,None,None
2025-01-07,14,21,38,0,None,E04,C1B,-4.820000000000E-1,None,None
2025-01-07,14,21,38,0,None,E13,C1B,-8.693000000000E0,None,None
2025-01-07,14,21,38,0,None,E15,C1B,-1.048000000000E1,None,None
2025-01-07,14,21,38,0,None,E21,C1B,1.313000000000E0,None,None
2025-01-07,14,21,38,0,None,E27,C1B,-2.573000000000E0,None,None
2025-01-07,14,21,39,0,None,E04,C1B,-8.265000000000E0,None,None
2025-01-07,14,21,39,0,None,E13,C1B,-2.376000000000E0,None,None
2025-01-07,14,21,39,0,None,E15,C1B,-1.153000000000E0,None,None
2025-01-07,14,21,39,0,None,E21,C1B,-2.430000000000E0,None,None
2025-01-07,14,21,39,0,None,E27,C1B,3.243000000000E0,None,None
2025-01-07,14,21,40,0,None,E04,C1B,-3.842000000000E0,None,None
2025-01-07,14,21,40,0,None,E13,C1B,-8.890000000000E0,None,None
2025-01-07,14,21,40,0,None,E15,C1B,3.580000000000E-1,None,None
2025-01-07,14,21,40,0,None,E21,C1B,1.555000000000E0,None,None
2025-01-07,14,21,40,0,None,E27,C1B,-3.931000000000E0,None,None
2025-01-07,14,21,41,0,None,E04,C1B,-2.037000000000E0,None,None
2025-01-07,14,21,41,0,None,E13,C1B,-1.358000000000E0,None,None
2025-01-07,14,21,41,0,None,E15,C1B,-5.352000000000E0,None,None
2025-01-07,14,21,41,0,None,E21,C1B,-2.832000000000E0,None,None
2025-01-07,14,21,41,0,None,E27,C1B,2.287000000000E0,None,None
2025-01-07,14,21,42,0,None,E04,C1B,1.402000000000E0,None,None
2025-01-07,14,21,42,0,None,E13,C1B,-4.914000000000E0,None,None
2025-01-07,14,21,42,0,None,E15,C1B,-4.226000000000E0,None,None
2025-01-07,14,21,42,0,None,E21,C1B,9.800000000000E-2,None,None
2025-01-07,14,21,42,0,None,E27,C1B,-2.815000000000E0,None,None
2025-01-07,14,21,43,0,None,E04,C1B,-1.171000000000E0,None,None
2025-01-07,14,21,43,0,None,E13,C1B,-1.920000000000E0,None,None
2025-01-07,14,21,43,0,None,E15,C1B,-1.161000000000E0,None,None
2025-01-07,14,21,43,0,None,E21,C1B,-2.930000000000E0,None,None
2025-01-07,14,21,43,0,None,E27,C1B,-3.368000000000E0,None,None
2025-01-07,14,21,44,0,None,E04,C1B,-4.655000000000E0,None,None
2025-01-07,14,21,44,0,None,E13,C1B,-5.074000000000E0,None,None
2025-01-07,14,21,44,0,None,E15,C1B,-1.867000000000E0,None,None
2025-01-07,14,21,44,0,None,E21,C1B,-1.465000000000E0,None,None
2025-01-07,14,21,44,0,None,E27,C1B,-4.834000000000E0,None,None
2025-01-07,14,21,45,0,None,E04,C1B,2.019000000000E0,None,None
2025-01-07,14,21,45,0,None,E13,C1B,-8.670000000000E-1,None,None
2025-01-07,14,21,45,0,None,E15,C1B,-5.800000000000E-1,None,None
2025-01-07,14,21,45,0,None,E21,C1B,-1.823000000000E0,None,None
2025-01-07,14,21,45,0,None,E27,C1B,-4.119000000000E0,None,None
2025-01-07,14,21,46,0,None,E04,C1B,-3.833000000000E0,None,None
2025-01-07,14,21,46,0,None,E13,C1B,-7.680000000000E-1,None,None
2025-01-07,14,21,46,0,None,E15,C1B,-6.969000000000E0,None,None
2025-01-07,14,21,46,0,None,E21,C1B,-7.140000000000E-1,None,None
2025-01-07,14,21,46,0,None,E27,C1B,1.948000000000E0,None,None
2025-01-07,14,21,47,0,None,E04,C1B,-5.092000000000E0,None,None
2025-01-07,14,21,47,0,None,E13,C1B,-1.456000000000E0,None,None
2025-01-07,14,21,47,0,None,E15,C1B,1.600000000000E0,None,None
2025-01-07,14,21,47,0,None,E21,C1B,-2.234000000000E0,None,None
2025-01-07,14,21,47,0,None,E27,C1B,-6.165000000000E0,None,None
2025-01-07,14,21,48,0,None,E04,C1B,4.400000000000E-2,None,None
2025-01-07,14,21,48,0,None,E13,C1B,-2.627000000000E0,None,None
2025-01-07,14,21,48,0,None,E15,C1B,-1.581000000000E0,None,None
2025-01-07,14,21,48,0,None,E21,C1B,-6.340000000000E-1,None,None
2025-01-07,14,21,48,0,None,E27,C1B,3.332000000000E0,None,None
2025-01-07,14,21,49,0,None,E04,C1B,-2.501000000000E0,None,None
2025-01-07,14,21,49,0,None,E13,C1B,3.120000000000E-1,None,None
2025-01-07,14,21,49,0,None,E15,C1B,-9.910000000000E-1,None,None
2025-01-07,14,21,49,0,None,E21,C1B,-2.957000000000E0,None,None
2025-01-07,14,21,49,0,None,E27,C1B,-6.657000000000E0,None,None
2025-01-07,14,21,50,0,None,E04,C1B,-8.940000000000E-1,None,None
2025-01-07,14,21,50,0,None,E13,C1B,-3.556000000000E0,None,None
2025-01-07,14,21,50,0,None,E15,C1B,2.770000000000E-1,None,None
2025-01-07,14,21,50,0,None,E21,C1B,-2.394000000000E0,None,None
2025-01-07,14,21,50,0,None,E27,C1B,-1.805000000000E0,None,None
2025-01-07,14,21,51,0,None,E04,C1B,-3.046000000000E0,None,None
2025-01-07,14,21,51,0,None,E13,C1B,1.081000000000E0,None,None
2025-01-07,14,21,51,0,None,E15,C1B,-4.226000000000E0,None,None
2025-01-07,14,21,51,0,None,E21,C1B,-2.931000000000E0,None,None
2025-01-07,14,21,51,0,None,E27,C1B,-1.858000000000E0,None,None
2025-01-07,14,21,52,0,None,E04,C1B,-2.645000000000E0,None,None
2025-01-07,14,21,52,0,None,E13,C1B,-1.207000000000E0,None,None
2025-01-07,14,21,52,0,None,E15,C1B,2.163000000000E0,None,None
2025-01-07,14,21,52,0,None,E21,C1B,3.310000000000E-1,None,None
2025-01-07,14,21,52,0,None,E27,C1B,2.171000000000E0,None,None
2025-01-07,14,21,53,0,None,E04,C1B,-1.885000000000E0,None,None
2025-01-07,14,21,53,0,None,E13,C1B,-6.343000000000E0,None,None
2025-01-07,14,21,53,0,None,E15,C1B,-1.304000000000E0,None,None
2025-01-07,14,21,53,0,None,E21,C1B,-2.189000000000E0,None,None
2025-01-07,14,21,53,0,None,E27,C1B,1.126000000000E0,None,None
2025-01-07,14,21,54,0,None,E04,C1B,0.000000000000E0,None,None
2025-01-07,14,21,54,0,None,E13,C1B,-4.400000000000E-2,None,None
2025-01-07,14,21,54,0,None,E15,C1B,-1.527000000000E0,None,None
2025-01-07,14,21,54,0,None,E21,C1B,-2.314000000000E0,None,None
2025-01-07,14,21,54,0,None,E27,C1B,-2.582000000000E0,None,None
2025-01-07,14,21,55,0,None,E04,C1B,-5.406000000000E0,None,None
2025-01-07,14,21,55,0,None,E13,C1B,-4.119000000000E0,None,None
2025-01-07,14,21,55,0,None,E15,C1B,-5.906000000000E0,None,None
2025-01-07,14,21,55,0,None,E21,C1B,-1.510000000000E0,None,None
2025-01-07,14,21,55,0,None,E27,C1B,1.045000000000E0,None,None
2025-01-07,14,21,56,0,None,E04,C1B,-4.744000000000E0,None,None
2025-01-07,14,21,56,0,None,E13,C1B,-1.027000000000E0,None,None
2025-01-07,14,21,56,0,None,E15,C1B,-1.448000000000E0,None,None
2025-01-07,14,21,56,0,None,E21,C1B,2.590000000000E-1,None,None
2025-01-07,14,21,56,0,None,E27,C1B,-5.861000000000E0,None,None
2025-01-07,14,21,57,0,None,E04,C1B,-2.135000000000E0,None,None
2025-01-07,14,21,57,0,None,E13,C1B,5.800000000000E-1,None,None
2025-01-07,14,21,57,0,None,E15,C1B,-6.826000000000E0,None,None
2025-01-07,14,21,57,0,None,E21,C1B,-1.188000000000E0,None,None
2025-01-07,14,21,57,0,None,E27,C1B,-2.537000000000E0,None,None
2025-01-07,14,21,58,0,None,E04,C1B,-3.310000000000E-1,None,None
2025-01-07,14,21,58,0,None,E13,C1B,-1.870000000000E-1,None,None
2025-01-07,14,21,58,0,None,E15,C1B,-1.394000000000E0,None,None
2025-01-07,14,21,58,0,None,E21,C1B,-9.000000000000E-3,None,None
2025-01-07,14,21,58,0,None,E27,C1B,-1.690000000000E-1,None,None
2025-01-07,14,21,59,0,None,E04,C1B,-5.227000000000E0,None,None
2025-01-07,14,21,59,0,None,E13,C1B,-3.619000000000E0,None,None
2025-01-07,14,21,59,0,None,E15,C1B,-4.878000000000E0,None,None
2025-01-07,14,21,59,0,None,E21,C1B,-1.880000000000E-1,None,None
2025-01-07,14,21,59,0,None,E27,C1B,2.948000000000E0,None,None
