2025-01-07,14,18,07,0,None,E04,C1B,3.189769100000E4,None,None
2025-01-07,14,18,07,0,None,E13,C1B,3.189142900000E4,None,None
2025-01-07,14,18,07,0,None,E21,C1B,3.189442700000E4,None,None
2025-01-07,14,18,07,0,None,E27,C1B,3.189411900000E4,None,None
2025-01-07,14,18,08,0,None,E04,C1B,3.198201000000E4,None,None
2025-01-07,14,18,08,0,None,E13,C1B,3.198361200000E4,None,None
2025-01-07,14,18,08,0,None,E21,C1B,3.198499300000E4,None,None
2025-01-07,14,18,08,0,None,E27,C1B,3.198259200000E4,None,None
2025-01-07,14,18,09,0,None,E04,C1B,3.207301100000E4,None,None
2025-01-07,14,18,09,0,None,E13,C1B,3.207072100000E4,None,None
2025-01-07,14,18,09,0,None,E21,C1B,3.207081100000E4,None,None
2025-01-07,14,18,09,0,None,E27,C1B,3.207194700000E4,None,None
2025-01-07,14,18,10,0,None,E04,C1B,3.216196800000E4,None,None
2025-01-07,14,18,10,0,None,E13,C1B,3.216232000000E4,None,None
2025-01-07,14,18,10,0,None,E21,C1B,3.215915900000E4,None,None
2025-01-07,14,18,10,0,None,E27,C1B,3.216090700000E4,None,None
2025-01-07,14,18,11,0,None,E04,C1B,3.224513600000E4,None,None
2025-01-07,14,18,11,0,None,E13,C1B,3.224782800000E4,None,None
2025-01-07,14,18,11,0,None,E21,C1B,3.224933300000E4,None,None
2025-01-07,14,18,11,0,None,E27,C1B,3.224759400000E4,None,None
2025-01-07,14,18,12,0,None,E04,C1B,3.233693800000E4,None,None
2025-01-07,14,18,12,0,None,E13,C1B,3.233712000000E4,None,None
2025-01-07,14,18,12,0,None,E21,C1B,3.234044000000E4,None,None
2025-01-07,14,18,12,0,None,E27,C1B,3.233668900000E4,None,None
2025-01-07,14,18,13,0,None,E04,C1B,3.242438600000E4,None,None
2025-01-07,14,18,13,0,None,E13,C1B,3.242698800000E4,None,None
2025-01-07,14,18,13,0,None,E21,C1B,3.242690400000E4,None,None
2025-01-07,14,18,13,0,None,E27,C1B,3.242513400000E4,None,None
2025-01-07,14,18,14,0,None,E04,C1B,3.251477900000E4,None,None
2025-01-07,14,18,14,0,None,E13,C1B,3.251659600000E4,None,None
2025-01-07,14,18,14,0,None,E21,C1B,3.251343900000E4,None,None
2025-01-07,14,18,14,0,None,E27,C1B,3.251051400000E4,None,None
2025-01-07,14,18,15,0,None,E04,C1B,3.260370400000E4,None,None
2025-01-07,14,18,15,0,None,E13,C1B,3.260589200000E4,None,None
2025-01-07,14,18,15,0,None,E21,C1B,3.260238600000E4,None,None
2025-01-07,14,18,15,0,None,E27,C1B,3.260569300000E4,None,None
2025-01-07,14,18,16,0,None,E04,C1B,3.269177900000E4,None,None
2025-01-07,14,18,16,0,None,E13,C1B,3.269243900000E4,None,None
2025-01-07,14,18,16,0,None,E21,C1B,3.269184200000E4,None,None
2025-01-07,14,18,16,0,None,E27,C1B,3.269265700000E4,None,None
2025-01-07,14,18,17,0,None,E04,C1B,3.277725400000E4,None,None
2025-01-07,14,18,17,0,None,E13,C1B,3.278175600000E4,None,None
2025-01-07,14,18,17,0,None,E21,C1B,3.278093200000E4,None,None
2025-01-07,14,18,17,0,None,E27,C1B,3.277995600000E4,None,None
2025-01-07,14,18,18,0,None,E04,C1B,3.287148400000E4,None,None
2025-01-07,14,18,18,0,None,E13,C1B,3.286840500000E4,None,None
2025-01-07,14,18,18,0,None,E21,C1B,3.287116400000E4,None,None
2025-01-07,14,18,18,0,None,E27,C1B,3.286485000000E4,None,None
2025-01-07,14,18,19,0,None,E04,C1B,3.295815700000E4,None,None
2025-01-07,14,18,19,0,None,E13,C1B,3.295703700000E4,None,None
2025-01-07,14,18,19,0,None,E21,C1B,3.295853000000E4,None,None
2025-01-07,14,18,19,0,None,E27,C1B,3.295644300000E4,None,None
2025-01-07,14,18,20,0,None,E04,C1B,3.304711500000E4,None,None
2025-01-07,14,18,20,0,None,E13,C1B,3.304761000000E4,None,None
2025-01-07,14,18,20,0,None,E21,C1B,3.304517200000E4,None,None
2025-01-07,14,18,20,0,None,E27,C1B,3.304689200000E4,None,None
2025-01-07,14,18,21,0,None,E04,C1B,3.313595500000E4,None,None
2025-01-07,14,18,21,0,None,E13,C1B,3.313704700000E4,None,None
2025-01-07,14,18,21,0,None,E21,C1B,3.313477200000E4,None,None
2025-01-07,14,18,21,0,None,E27,C1B,3.312871900000E4,None,None
2025-01-07,14,18,22,0,None,E04,C1B,3.322453300000E4,None,None
2025-01-07,14,18,22,0,None,E13,C1B,3.322244000000E4,None,None
2025-01-07,14,18,22,0,None,E21,C1B,3.322514200000E4,None,None
2025-01-07,14,18,22,0,None,E27,C1B,3.322048400000E4,None,None
2025-01-07,14,18,23,0,None,E04,C1B,3.331345400000E4,None,None
2025-01-07,14,18,23,0,None,E13,C1B,3.331370000000E4,None,None
2025-01-07,14,18,23,0,None,E21,C1B,3.331184800000E4,None,None
2025-01-07,14,18,23,0,None,E27,C1B,3.331251900000E4,None,None
2025-01-07,14,18,24,0,None,E04,C1B,3.340325000000E4,None,None
2025-01-07,14,18,24,0,None,E13,C1B,3.340090800000E4,None,None
2025-01-07,14,18,24,0,None,E21,C1B,3.340106200000E4,None,None
2025-01-07,14,18,24,0,None,E27,C1B,3.339650800000E4,None,None
2025-01-07,14,18,25,0,None,E04,C1B,3.349023200000E4,None,None
2025-01-07,14,18,25,0,None,E13,C1B,3.348971600000E4,None,None
2025-01-07,14,18,25,0,None,E21,C1B,3.349191300000E4,None,None
2025-01-07,14,18,25,0,None,E27,C1B,3.349151900000E4,None,None
2025-01-07,14,18,26,0,None,E04,C1B,3.357879400000E4,None,None
2025-01-07,14,18,26,0,None,E13,C1B,3.358027500000E4,None,None
2025-01-07,14,18,26,0,None,E21,C1B,3.357663600000E4,None,None
2025-01-07,14,18,26,0,None,E27,C1B,3.357274400000E4,None,None
2025-01-07,14,18,27,0,None,E04,C1B,3.366949900000E4,None,None
2025-01-07,14,18,27,0,None,E13,C1B,3.366641300000E4,None,None
2025-01-07,14,18,27,0,None,E21,C1B,3.366883300000E4,None,None
2025-01-07,14,18,27,0,None,E27,C1B,3.366860500000E4,None,None
2025-01-07,14,18,28,0,None,E04,C1B,3.375512200000E4,None,None
2025-01-07,14,18,28,0,None,E13,C1B,3.375449100000E4,None,None
2025-01-07,14,18,28,0,None,E21,C1B,3.375687100000E4,None,None
2025-01-07,14,18,28,0,None,E27,C1B,3.375514500000E4,None,None
2025-01-07,14,18,29,0,None,E04,C1B,3.384117700000E4,None,None
2025-01-07,14,18,29,0,None,E13,C1B,3.384370500000E4,None,None
2025-01-07,14,18,29,0,None,E21,C1B,3.384461500000E4,None,None
2025-01-07,14,18,29,0,None,E27,C1B,3.384197900000E4,None,None
2025-01-07,14,18,30,0,None,E04,C1B,3.393078600000E4,None,None
2025-01-07,14,18,30,0,None,E13,C1B,3.393131000000E4,None,None
2025-01-07,14,18,30,0,None,E21,C1B,3.393108200000E4,None,None
2025-01-07,14,18,30,0,None,E27,C1B,3.393508200000E4,None,None
2025-01-07,14,18,31,0,None,E04,C1B,3.401884300000E4,None,None
2025-01-07,14,18,31,0,None,E13,C1B,3.401795400000E4,None,None
2025-01-07,14,18,31,0,None,E21,C1B,3.402043700000E4,None,None
2025-01-07,14,18,31,0,None,E27,C1B,3.402009300000E4,None,None
2025-01-07,14,18,32,0,None,E04,C1B,3.411338600000E4,None,None
2025-01-07,14,18,32,0,None,E13,C1B,3.411257900000E4,None,None
2025-01-07,14,18,32,0,None,E21,C1B,3.410951600000E4,None,None
2025-01-07,14,18,32,0,None,E27,C1B,3.410791300000E4,None,None
2025-01-07,14,18,33,0,None,E04,C1B,3.420021500000E4,None,None
2025-01-07,14,18,33,0,None,E13,C1B,3.419579300000E4,None,None
2025-01-07,14,18,33,0,None,E21,C1B,3.419867000000E4,None,None
2025-01-07,14,18,33,0,None,E27,C1B,3.419911300000E4,None,None
2025-01-07,14,18,34,0,None,E04,C1B,3.428670600000E4,None,None
2025-01-07,14,18,34,0,None,E13,C1B,3.428660800000E4,None,None
2025-01-07,14,18,34,0,None,E21,C1B,3.428588100000E4,None,None
2025-01-07,14,18,34,0,None,E27,C1B,3.429164500000E4,None,None
2025-01-07,14,18,35,0,None,E04,C1B,3.437493400000E4,None,None
2025-01-07,14,18,35,0,None,E13,C1B,3.437384400000E4,None,None
2025-01-07,14,18,35,0,None,E21,C1B,3.437179000000E4,None,None
2025-01-07,14,18,35,0,None,E27,C1B,3.437752300000E4,None,None
2025-01-07,14,18,36,0,None,E04,C1B,3.446365700000E4,None,None
2025-01-07,14,18,36,0,None,E13,C1B,3.446218700000E4,None,None
2025-01-07,14,18,36,0,None,E21,C1B,3.446411000000E4,None,None
2025-01-07,14,18,36,0,None,E27,C1B,3.446997500000E4,None,None
2025-01-07,14,18,37,0,None,E04,C1B,3.455259200000E4,None,None
2025-01-07,14,18,37,0,None,E13,C1B,3.455235600000E4,None,None
2025-01-07,14,18,37,0,None,E21,C1B,3.455352900000E4,None,None
2025-01-07,14,18,37,0,None,E27,C1B,3.454824300000E4,None,None
2025-01-07,14,18,38,0,None,E04,C1B,3.464092800000E4,None,None
2025-01-07,14,18,38,0,None,E13,C1B,3.464014000000E4,None,None
2025-01-07,14,18,38,0,None,E21,C1B,3.463761200000E4,None,None
2025-01-07,14,18,38,0,None,E27,C1B,3.464565300000E4,None,None
2025-01-07,14,18,39,0,None,E04,C1B,3.473103600000E4,None,None
2025-01-07,14,18,39,0,None,E13,C1B,3.472765900000E4,None,None
2025-01-07,14,18,39,0,None,E21,C1B,3.472909100000E4,None,None
2025-01-07,14,18,39,0,None,E27,C1B,3.473140000000E4,None,None
2025-01-07,14,18,40,0,None,E04,C1B,3.481503900000E4,None,None
2025-01-07,14,18,40,0,None,E13,C1B,3.481837000000E4,None,None
2025-01-07,14,18,40,0,None,E21,C1B,3.481611600000E4,None,None
2025-01-07,14,18,40,0,None,E27,C1B,3.481987900000E4,None,None
2025-01-07,14,18,41,0,None,E04,C1B,3.490689900000E4,None,None
2025-01-07,14,18,41,0,None,E13,C1B,3.490626800000E4,None,None
2025-01-07,14,18,41,0,None,E21,C1B,3.490592600000E4,None,None
2025-01-07,14,18,41,0,None,E27,C1B,3.490598700000E4,None,None
2025-01-07,14,18,42,0,None,E04,C1B,3.499343700000E4,None,None
2025-01-07,14,18,42,0,None,E13,C1B,3.499387700000E4,None,None
2025-01-07,14,18,42,0,None,E21,C1B,3.499531000000E4,None,None
2025-01-07,14,18,42,0,None,E27,C1B,3.499480600000E4,None,None
2025-01-07,14,18,43,0,None,E04,C1B,3.508527800000E4,None,None
2025-01-07,14,18,43,0,None,E13,C1B,3.508395700000E4,None,None
2025-01-07,14,18,43,0,None,E21,C1B,3.508347400000E4,None,None
2025-01-07,14,18,43,0,None,E27,C1B,3.508227200000E4,None,None
2025-01-07,14,18,44,0,None,E04,C1B,3.517034800000E4,None,None
2025-01-07,14,18,44,0,None,E13,C1B,3.517168100000E4,None,None
2025-01-07,14,18,44,0,None,E21,C1B,3.517143200000E4,None,None
2025-01-07,14,18,44,0,None,E27,C1B,3.517295200000E4,None,None
2025-01-07,14,18,45,0,None,E04,C1B,3.525698000000E4,None,None
2025-01-07,14,18,45,0,None,E13,C1B,3.525707000000E4,None,None
2025-01-07,14,18,45,0,None,E21,C1B,3.526096200000E4,None,None
2025-01-07,14,18,45,0,None,E27,C1B,3.526646200000E4,None,None
2025-01-07,14,18,46,0,None,E04,C1B,3.534982400000E4,None,None
2025-01-07,14,18,46,0,None,E13,C1B,3.534978500000E4,None,None
2025-01-07,14,18,46,0,None,E21,C1B,3.534838100000E4,None,None
2025-01-07,14,18,46,0,None,E27,C1B,3.534921800000E4,None,None
2025-01-07,14,18,47,0,None,E04,C1B,3.543774700000E4,None,None
2025-01-07,14,18,47,0,None,E13,C1B,3.543699500000E4,None,None
2025-01-07,14,18,47,0,None,E21,C1B,3.543743000000E4,None,None
2025-01-07,14,18,47,0,None,E27,C1B,3.543868800000E4,None,None
2025-01-07,14,18,48,0,None,E04,C1B,3.552560800000E4,None,None
2025-01-07,14,18,48,0,None,E13,C1B,3.552575900000E4,None,None
2025-01-07,14,18,48,0,None,E21,C1B,3.552688400000E4,None,None
2025-01-07,14,18,48,0,None,E27,C1B,3.552809000000E4,None,None
2025-01-07,14,18,49,0,None,E04,C1B,3.561175800000E4,None,None
2025-01-07,14,18,49,0,None,E13,C1B,3.561298600000E4,None,None
2025-01-07,14,18,49,0,None,E21,C1B,3.561312200000E4,None,None
2025-01-07,14,18,49,0,None,E27,C1B,3.561079700000E4,None,None
2025-01-07,14,18,50,0,None,E04,C1B,3.570349600000E4,None,None
2025-01-07,14,18,50,0,None,E13,C1B,3.570278500000E4,None,None
2025-01-07,14,18,50,0,None,E21,C1B,3.570422100000E4,None,None
2025-01-07,14,18,50,0,None,E27,C1B,3.570218400000E4,None,None
2025-01-07,14,18,51,0,None,E04,C1B,3.578921500000E4,None,None
2025-01-07,14,18,51,0,None,E13,C1B,3.579379500000E4,None,None
2025-01-07,14,18,51,0,None,E21,C1B,3.579200300000E4,None,None
2025-01-07,14,18,51,0,None,E27,C1B,3.578581600000E4,None,None
2025-01-07,14,18,52,0,None,E04,C1B,3.588012000000E4,None,None
2025-01-07,14,18,52,0,None,E13,C1B,3.588077400000E4,None,None
2025-01-07,14,18,52,0,None,E21,C1B,3.587873600000E4,None,None
2025-01-07,14,18,52,0,None,E27,C1B,3.587626600000E4,None,None
2025-01-07,14,18,53,0,None,E04,C1B,3.596948700000E4,None,None
2025-01-07,14,18,53,0,None,E13,C1B,3.597309500000E4,None,None
2025-01-07,14,18,53,0,None,E21,C1B,3.596826800000E4,None,None
2025-01-07,14,18,53,0,None,E27,C1B,3.597248700000E4,None,None
2025-01-07,14,18,54,0,None,E04,C1B,3.605620200000E4,None,None
2025-01-07,14,18,54,0,None,E13,C1B,3.605877300000E4,None,None
2025-01-07,14,18,54,0,None,E21,C1B,3.605723200000E4,None,None
2025-01-07,14,18,54,0,None,E27,C1B,3.606087600000E4,None,None
2025-01-07,14,18,55,0,None,E04,C1B,3.614491100000E4,None,None
2025-01-07,14,18,55,0,None,E13,C1B,3.614761200000E4,None,None
2025-01-07,14,18,55,0,None,E21,C1B,3.614550100000E4,None,None
2025-01-07,14,18,55,0,None,E27,C1B,3.615033000000E4,None,None
2025-01-07,14,18,56,0,None,E04,C1B,3.623233900000E4,None,None
2025-01-07,14,18,56,0,None,E13,C1B,3.623746400000E4,None,None
2025-01-07,14,18,56,0,None,E21,C1B,3.623804500000E4,None,None
2025-01-07,14,18,56,0,None,E27,C1B,3.623503700000E4,None,None
2025-01-07,14,18,57,0,None,E04,C1B,3.632908300000E4,None,None
2025-01-07,14,18,57,0,None,E13,C1B,3.632434700000E4,None,None
2025-01-07,14,18,57,0,None,E21,C1B,3.632463100000E4,None,None
2025-01-07,14,18,57,0,None,E27,C1B,3.632828700000E4,None,None
2025-01-07,14,18,58,0,None,E04,C1B,3.641489800000E4,None,None
2025-01-07,14,18,58,0,None,E13,C1B,3.641171300000E4,None,None
2025-01-07,14,18,58,0,None,E21,C1B,3.641602600000E4,None,None
2025-01-07,14,18,58,0,None,E27,C1B,3.641334100000E4,None,None
2025-01-07,14,18,59,0,None,E04,C1B,3.649963300000E4,None,None
2025-01-07,14,18,59,0,None,E13,C1B,3.650003800000E4,None,None
2025-01-07,14,18,59,0,None,E21,C1B,3.650223200000E4,None,None
2025-01-07,14,18,59,0,None,E27,C1B,3.650143100000E4,None,None
2025-01-07,14,19,00,0,None,E04,C1B,3.659012900000E4,None,None
2025-01-07,14,19,00,0,None,E13,C1B,3.659148200000E4,None,None
2025-01-07,14,19,00,0,None,E21,C1B,3.658981600000E4,None,None
2025-01-07,14,19,00,0,None,E27,C1B,3.659065800000E4,None,None
2025-01-07,14,19,01,0,None,E04,C1B,3.668177700000E4,None,None
2025-01-07,14,19,01,0,None,E13,C1B,3.667947600000E4,None,None
2025-01-07,14,19,01,0,None,E21,C1B,3.668033300000E4,None,None
2025-01-07,14,19,01,0,None,E27,C1B,3.668098400000E4,None,None
2025-01-07,14,19,02,0,None,E04,C1B,3.676732800000E4,None,None
2025-01-07,14,19,02,0,None,E13,C1B,3.676882100000E4,None,None
2025-01-07,14,19,02,0,None,E21,C1B,3.676636500000E4,None,None
2025-01-07,14,19,02,0,None,E27,C1B,3.676785300000E4,None,None
2025-01-07,14,19,03,0,None,E04,C1B,3.685856400000E4,None,None
2025-01-07,14,19,03,0,None,E13,C1B,3.685633900000E4,None,None
2025-01-07,14,19,03,0,None,E21,C1B,3.685966400000E4,None,None
2025-01-07,14,19,03,0,None,E27,C1B,3.685623500000E4,None,None
2025-01-07,14,19,04,0,None,E04,C1B,3.694452800000E4,None,None
2025-01-07,14,19,04,0,None,E13,C1B,3.694720200000E4,None,None
2025-01-07,14,19,04,0,None,E21,C1B,3.694386300000E4,None,None
2025-01-07,14,19,04,0,None,E27,C1B,3.694637000000E4,None,None
2025-01-07,14,19,05,0,None,E04,C1B,3.703546300000E4,None,None
2025-01-07,14,19,05,0,None,E13,C1B,3.703187500000E4,None,None
2025-01-07,14,19,05,0,None,E21,C1B,3.703484200000E4,None,None
2025-01-07,14,19,05,0,None,E27,C1B,3.703210000000E4,None,None
2025-01-07,14,19,06,0,None,E04,C1B,3.712021200000E4,None,None
2025-01-07,14,19,06,0,None,E13,C1B,3.712508200000E4,None,None
2025-01-07,14,19,06,0,None,E15,C1B,3.712638300000E4,None,None
2025-01-07,14,19,06,0,None,E21,C1B,3.712221400000E4,None,None
2025-01-07,14,19,06,0,None,E27,C1B,3.712159300000E4,None,None
2025-01-07,14,19,07,0,None,E04,C1B,3.721258900000E4,None,None
2025-01-07,14,19,07,0,None,E13,C1B,3.721161900000E4,None,None
2025-01-07,14,19,07,0,None,E15,C1B,3.721120000000E4,None,None
2025-01-07,14,19,07,0,None,E21,C1B,3.721193600000E4,None,None
2025-01-07,14,19,07,0,None,E27,C1B,3.721201200000E4,None,None
2025-01-07,14,19,08,0,None,E04,C1B,3.730123000000E4,None,None
2025-01-07,14,19,08,0,None,E13,C1B,3.729828000000E4,None,None
2025-01-07,14,19,08,0,None,E15,C1B,3.730086300000E4,None,None
2025-01-07,14,19,08,0,None,E21,C1B,3.729683900000E4,None,None
2025-01-07,14,19,08,0,None,E27,C1B,3.730247900000E4,None,None
2025-01-07,14,19,09,0,None,E04,C1B,3.738766300000E4,None,None
2025-01-07,14,19,09,0,None,E13,C1B,3.739018900000E4,None,None
2025-01-07,14,19,09,0,None,E15,C1B,3.738972200000E4,None,None
2025-01-07,14,19,09,0,None,E21,C1B,3.738913700000E4,None,None
2025-01-07,14,19,09,0,None,E27,C1B,3.738594400000E4,None,None
2025-01-07,14,19,10,0,None,E04,C1B,3.747838100000E4,None,None
2025-01-07,14,19,10,0,None,E13,C1B,3.747549000000E4,None,None
2025-01-07,14,19,10,0,None,E15,C1B,3.747841700000E4,None,None
2025-01-07,14,19,10,0,None,E21,C1B,3.747800400000E4,None,None
2025-01-07,14,19,10,0,None,E27,C1B,3.748369700000E4,None,None
2025-01-07,14,19,11,0,None,E04,C1B,3.756834900000E4,None,None
2025-01-07,14,19,11,0,None,E13,C1B,3.756293600000E4,None,None
2025-01-07,14,19,11,0,None,E15,C1B,3.756186200000E4,None,None
2025-01-07,14,19,11,0,None,E21,C1B,3.756707100000E4,None,None
2025-01-07,14,19,11,0,None,E27,C1B,3.756291100000E4,None,None
2025-01-07,14,19,12,0,None,E04,C1B,3.765146100000E4,None,None
2025-01-07,14,19,12,0,None,E13,C1B,3.765679800000E4,None,None
2025-01-07,14,19,12,0,None,E15,C1B,3.765385000000E4,None,None
2025-01-07,14,19,12,0,None,E21,C1B,3.765226800000E4,None,None
2025-01-07,14,19,12,0,None,E27,C1B,3.765878200000E4,None,None
2025-01-07,14,19,13,0,None,E04,C1B,3.773788800000E4,None,None
2025-01-07,14,19,13,0,None,E13,C1B,3.774486500000E4,None,None
2025-01-07,14,19,13,0,None,E15,C1B,3.774254900000E4,None,None
2025-01-07,14,19,13,0,None,E21,C1B,3.774217500000E4,None,None
2025-01-07,14,19,13,0,None,E27,C1B,3.774669800000E4,None,None
2025-01-07,14,19,14,0,None,E04,C1B,3.782971700000E4,None,None
2025-01-07,14,19,14,0,None,E13,C1B,3.783192000000E4,None,None
2025-01-07,14,19,14,0,None,E15,C1B,3.782577100000E4,None,None
2025-01-07,14,19,14,0,None,E21,C1B,3.783289200000E4,None,None
2025-01-07,14,19,14,0,None,E27,C1B,3.783456100000E4,None,None
2025-01-07,14,19,15,0,None,E04,C1B,3.792233700000E4,None,None
2025-01-07,14,19,15,0,None,E13,C1B,3.792347700000E4,None,None
2025-01-07,14,19,15,0,None,E15,C1B,3.791833700000E4,None,None
2025-01-07,14,19,15,0,None,E21,C1B,3.792215900000E4,None,None
2025-01-07,14,19,15,0,None,E27,C1B,3.792203300000E4,None,None
2025-01-07,14,19,16,0,None,E04,C1B,3.801197500000E4,None,None
2025-01-07,14,19,16,0,None,E13,C1B,3.801171900000E4,None,None
2025-01-07,14,19,16,0,None,E15,C1B,3.800960500000E4,None,None
2025-01-07,14,19,16,0,None,E21,C1B,3.801007100000E4,None,None
2025-01-07,14,19,16,0,None,E27,C1B,3.800999900000E4,None,None
2025-01-07,14,19,17,0,None,E04,C1B,3.809586800000E4,None,None
2025-01-07,14,19,17,0,None,E13,C1B,3.810031900000E4,None,None
2025-01-07,14,19,17,0,None,E15,C1B,3.809680800000E4,None,None
2025-01-07,14,19,17,0,None,E21,C1B,3.809887600000E4,None,None
2025-01-07,14,19,17,0,None,E27,C1B,3.810179400000E4,None,None
2025-01-07,14,19,18,0,None,E04,C1B,3.818591200000E4,None,None
2025-01-07,14,19,18,0,None,E13,C1B,3.818940900000E4,None,None
2025-01-07,14,19,18,0,None,E15,C1B,3.818270900000E4,None,None
2025-01-07,14,19,18,0,None,E21,C1B,3.818852600000E4,None,None
2025-01-07,14,19,18,0,None,E27,C1B,3.818725500000E4,None,None
2025-01-07,14,19,19,0,None,E04,C1B,3.827311700000E4,None,None
2025-01-07,14,19,19,0,None,E13,C1B,3.827265400000E4,None,None
2025-01-07,14,19,19,0,None,E15,C1B,3.827647200000E4,None,None
2025-01-07,14,19,19,0,None,E21,C1B,3.827626700000E4,None,None
2025-01-07,14,19,19,0,None,E27,C1B,3.828054000000E4,None,None
2025-01-07,14,19,20,0,None,E04,C1B,3.836234100000E4,None,None
2025-01-07,14,19,20,0,None,E13,C1B,3.836497700000E4,None,None
2025-01-07,14,19,20,0,None,E15,C1B,3.836156500000E4,None,None
2025-01-07,14,19,20,0,None,E21,C1B,3.836412600000E4,None,None
2025-01-07,14,19,20,0,None,E27,C1B,3.836932800000E4,None,None
2025-01-07,14,19,21,0,None,E04,C1B,3.845275200000E4,None,None
2025-01-07,14,19,21,0,None,E13,C1B,3.844985700000E4,None,None
2025-01-07,14,19,21,0,None,E15,C1B,3.845162900000E4,None,None
2025-01-07,14,19,21,0,None,E21,C1B,3.845261800000E4,None,None
2025-01-07,14,19,21,0,None,E27,C1B,3.845505500000E4,None,None
2025-01-07,14,19,22,0,None,E04,C1B,3.853964300000E4,None,None
2025-01-07,14,19,22,0,None,E13,C1B,3.854152900000E4,None,None
2025-01-07,14,19,22,0,None,E15,C1B,3.853722900000E4,None,None
2025-01-07,14,19,22,0,None,E21,C1B,3.854013900000E4,None,None
2025-01-07,14,19,22,0,None,E27,C1B,3.854019700000E4,None,None
2025-01-07,14,19,23,0,None,E04,C1B,3.862866000000E4,None,None
2025-01-07,14,19,23,0,None,E13,C1B,3.863341200000E4,None,None
2025-01-07,14,19,23,0,None,E15,C1B,3.862853700000E4,None,None
2025-01-07,14,19,23,0,None,E21,C1B,3.863088000000E4,None,None
2025-01-07,14,19,23,0,None,E27,C1B,3.863136300000E4,None,None
2025-01-07,14,19,24,0,None,E04,C1B,3.872009200000E4,None,None
2025-01-07,14,19,24,0,None,E13,C1B,3.871836200000E4,None,None
2025-01-07,14,19,24,0,None,E15,C1B,3.871692400000E4,None,None
2025-01-07,14,19,24,0,None,E21,C1B,3.871921100000E4,None,None
2025-01-07,14,19,24,0,None,E27,C1B,3.872085300000E4,None,None
2025-01-07,14,19,25,0,None,E04,C1B,3.880821300000E4,None,None
2025-01-07,14,19,25,0,None,E13,C1B,3.880880100000E4,None,None
2025-01-07,14,19,25,0,None,E15,C1B,3.880662400000E4,None,None
2025-01-07,14,19,25,0,None,E21,C1B,3.880959200000E4,None,None
2025-01-07,14,19,25,0,None,E27,C1B,3.880650200000E4,None,None
2025-01-07,14,19,26,0,None,E04,C1B,3.889601100000E4,None,None
2025-01-07,14,19,26,0,None,E13,C1B,3.890355100000E4,None,None
2025-01-07,14,19,26,0,None,E15,C1B,3.889846400000E4,None,None
2025-01-07,14,19,26,0,None,E21,C1B,3.889452700000E4,None,None
2025-01-07,14,19,26,0,None,E27,C1B,3.889429400000E4,None,None
2025-01-07,14,19,27,0,None,E04,C1B,3.898835500000E4,None,None
2025-01-07,14,19,27,0,None,E13,C1B,3.898913900000E4,None,None
2025-01-07,14,19,27,0,None,E15,C1B,3.898338300000E4,None,None
2025-01-07,14,19,27,0,None,E21,C1B,3.898502200000E4,None,None
2025-01-07,14,19,27,0,None,E27,C1B,3.898751600000E4,None,None
2025-01-07,14,19,28,0,None,E04,C1B,3.907388200000E4,None,None
2025-01-07,14,19,28,0,None,E13,C1B,3.907800700000E4,None,None
2025-01-07,14,19,28,0,None,E15,C1B,3.906800100000E4,None,None
2025-01-07,14,19,28,0,None,E21,C1B,3.907342500000E4,None,None
2025-01-07,14,19,28,0,None,E27,C1B,3.907549500000E4,None,None
2025-01-07,14,19,29,0,None,E04,C1B,3.916512400000E4,None,None
2025-01-07,14,19,29,0,None,E13,C1B,3.916754000000E4,None,None
2025-01-07,14,19,29,0,None,E15,C1B,3.916242900000E4,None,None
2025-01-07,14,19,29,0,None,E21,C1B,3.916501600000E4,None,None
2025-01-07,14,19,29,0,None,E27,C1B,3.916382800000E4,None,None
2025-01-07,14,19,30,0,None,E04,C1B,3.924908700000E4,None,None
2025-01-07,14,19,30,0,None,E13,C1B,3.925409700000E4,None,None
2025-01-07,14,19,30,0,None,E15,C1B,3.925127600000E4,None,None
2025-01-07,14,19,30,0,None,E21,C1B,3.925195900000E4,None,None
2025-01-07,14,19,30,0,None,E27,C1B,3.925098000000E4,None,None
2025-01-07,14,19,31,0,None,E04,C1B,3.934108200000E4,None,None
2025-01-07,14,19,31,0,None,E13,C1B,3.933972400000E4,None,None
2025-01-07,14,19,31,0,None,E15,C1B,3.933899700000E4,None,None
2025-01-07,14,19,31,0,None,E21,C1B,3.933898900000E4,None,None
2025-01-07,14,19,31,0,None,E27,C1B,3.933652600000E4,None,None
2025-01-07,14,19,32,0,None,E04,C1B,3.943104800000E4,None,None
2025-01-07,14,19,32,0,None,E13,C1B,3.943088800000E4,None,None
2025-01-07,14,19,32,0,None,E15,C1B,3.942569000000E4,None,None
2025-01-07,14,19,32,0,None,E21,C1B,3.942958300000E4,None,None
2025-01-07,14,19,32,0,None,E27,C1B,3.943715200000E4,None,None
2025-01-07,14,19,33,0,None,E04,C1B,3.952194900000E4,None,None
2025-01-07,14,19,33,0,None,E13,C1B,3.951952800000E4,None,None
2025-01-07,14,19,33,0,None,E15,C1B,3.951385900000E4,None,None
2025-01-07,14,19,33,0,None,E21,C1B,3.951971900000E4,None,None
2025-01-07,14,19,33,0,None,E27,C1B,3.952161500000E4,None,None
2025-01-07,14,19,34,0,None,E04,C1B,3.960617900000E4,None,None
2025-01-07,14,19,34,0,None,E13,C1B,3.960579000000E4,None,None
2025-01-07,14,19,34,0,None,E15,C1B,3.960685500000E4,None,None
2025-01-07,14,19,34,0,None,E21,C1B,3.960640900000E4,None,None
2025-01-07,14,19,34,0,None,E27,C1B,3.960876100000E4,None,None
2025-01-07,14,19,35,0,None,E04,C1B,3.969590500000E4,None,None
2025-01-07,14,19,35,0,None,E13,C1B,3.969411000000E4,None,None
2025-01-07,14,19,35,0,None,E15,C1B,3.969658000000E4,None,None
2025-01-07,14,19,35,0,None,E21,C1B,3.969380000000E4,None,None
2025-01-07,14,19,35,0,None,E27,C1B,3.969312400000E4,None,None
2025-01-07,14,19,36,0,None,E04,C1B,3.978471800000E4,None,None
2025-01-07,14,19,36,0,None,E13,C1B,3.978596800000E4,None,None
2025-01-07,14,19,36,0,None,E15,C1B,3.978615000000E4,None,None
2025-01-07,14,19,36,0,None,E21,C1B,3.978512100000E4,None,None
2025-01-07,14,19,36,0,None,E27,C1B,3.978329300000E4,None,None
2025-01-07,14,19,37,0,None,E04,C1B,3.987826600000E4,None,None
2025-01-07,14,19,37,0,None,E13,C1B,3.987550600000E4,None,None
2025-01-07,14,19,37,0,None,E15,C1B,3.987265400000E4,None,None
2025-01-07,14,19,37,0,None,E21,C1B,3.987550800000E4,None,None
2025-01-07,14,19,37,0,None,E27,C1B,3.987664500000E4,None,None
2025-01-07,14,19,38,0,None,E04,C1B,3.996632500000E4,None,None
2025-01-07,14,19,38,0,None,E13,C1B,3.996104500000E4,None,None
2025-01-07,14,19,38,0,None,E15,C1B,3.996272400000E4,None,None
2025-01-07,14,19,38,0,None,E21,C1B,3.996160800000E4,None,None
2025-01-07,14,19,38,0,None,E27,C1B,3.995994100000E4,None,None
2025-01-07,14,19,39,0,None,E04,C1B,4.005212700000E4,None,None
2025-01-07,14,19,39,0,None,E13,C1B,4.005310700000E4,None,None
2025-01-07,14,19,39,0,None,E15,C1B,4.004868000000E4,None,None
2025-01-07,14,19,39,0,None,E21,C1B,4.005129900000E4,None,None
2025-01-07,14,19,39,0,None,E27,C1B,4.005503200000E4,None,None
2025-01-07,14,19,40,0,None,E04,C1B,4.014097100000E4,None,None
2025-01-07,14,19,40,0,None,E13,C1B,4.014148400000E4,None,None
2025-01-07,14,19,40,0,None,E15,C1B,4.014173700000E4,None,None
2025-01-07,14,19,40,0,None,E21,C1B,4.013750500000E4,None,None
2025-01-07,14,19,40,0,None,E27,C1B,4.013299100000E4,None,None
2025-01-07,14,19,41,0,None,E04,C1B,4.023291400000E4,None,None
2025-01-07,14,19,41,0,None,E13,C1B,4.022909200000E4,None,None
2025-01-07,14,19,41,0,None,E15,C1B,4.023194400000E4,None,None
2025-01-07,14,19,41,0,None,E21,C1B,4.022843900000E4,None,None
2025-01-07,14,19,41,0,None,E27,C1B,4.023028300000E4,None,None
2025-01-07,14,19,42,0,None,E04,C1B,4.031902500000E4,None,None
2025-01-07,14,19,42,0,None,E13,C1B,4.031646400000E4,None,None
2025-01-07,14,19,42,0,None,E15,C1B,4.032088200000E4,None,None
2025-01-07,14,19,42,0,None,E21,C1B,4.031623700000E4,None,None
2025-01-07,14,19,42,0,None,E27,C1B,4.031607800000E4,None,None
2025-01-07,14,19,43,0,None,E04,C1B,4.040908100000E4,None,None
2025-01-07,14,19,43,0,None,E13,C1B,4.040960200000E4,None,None
2025-01-07,14,19,43,0,None,E15,C1B,4.040940800000E4,None,None
2025-01-07,14,19,43,0,None,E21,C1B,4.040366300000E4,None,None
2025-01-07,14,19,43,0,None,E27,C1B,4.040437800000E4,None,None
2025-01-07,14,19,44,0,None,E04,C1B,4.049556200000E4,None,None
2025-01-07,14,19,44,0,None,E13,C1B,4.049645400000E4,None,None
2025-01-07,14,19,44,0,None,E15,C1B,4.049821400000E4,None,None
2025-01-07,14,19,44,0,None,E21,C1B,4.049625300000E4,None,None
2025-01-07,14,19,44,0,None,E27,C1B,4.049457300000E4,None,None
2025-01-07,14,19,45,0,None,E04,C1B,4.058786700000E4,None,None
2025-01-07,14,19,45,0,None,E13,C1B,4.058277600000E4,None,None
2025-01-07,14,19,45,0,None,E15,C1B,4.058739700000E4,None,None
2025-01-07,14,19,45,0,None,E21,C1B,4.058134500000E4,None,None
2025-01-07,14,19,45,0,None,E27,C1B,4.057803800000E4,None,None
2025-01-07,14,19,46,0,None,E04,C1B,4.067535100000E4,None,None
2025-01-07,14,19,46,0,None,E13,C1B,4.067357200000E4,None,None
2025-01-07,14,19,46,0,None,E15,C1B,4.066762800000E4,None,None
2025-01-07,14,19,46,0,None,E21,C1B,4.067145000000E4,None,None
2025-01-07,14,19,46,0,None,E27,C1B,4.067118100000E4,None,None
2025-01-07,14,19,47,0,None,E04,C1B,4.076576800000E4,None,None
2025-01-07,14,19,47,0,None,E13,C1B,4.076112100000E4,None,None
2025-01-07,14,19,47,0,None,E15,C1B,4.076328700000E4,None,None
2025-01-07,14,19,47,0,None,E21,C1B,4.076168100000E4,None,None
2025-01-07,14,19,47,0,None,E27,C1B,4.075998300000E4,None,None
2025-01-07,14,19,48,0,None,E04,C1B,4.085302000000E4,None,None
2025-01-07,14,19,48,0,None,E13,C1B,4.085305600000E4,None,None
2025-01-07,14,19,48,0,None,E15,C1B,4.085070900000E4,None,None
2025-01-07,14,19,48,0,None,E21,C1B,4.084938900000E4,None,None
2025-01-07,14,19,48,0,None,E27,C1B,4.084873500000E4,None,None
2025-01-07,14,19,49,0,None,E04,C1B,4.094233800000E4,None,None
2025-01-07,14,19,49,0,None,E13,C1B,4.094285400000E4,None,None
2025-01-07,14,19,49,0,None,E15,C1B,4.093986300000E4,None,None
2025-01-07,14,19,49,0,None,E21,C1B,4.093955300000E4,None,None
2025-01-07,14,19,49,0,None,E27,C1B,4.093554900000E4,None,None
2025-01-07,14,19,50,0,None,E04,C1B,4.103063300000E4,None,None
2025-01-07,14,19,50,0,None,E13,C1B,4.103041900000E4,None,None
2025-01-07,14,19,50,0,None,E15,C1B,4.102947100000E4,None,None
2025-01-07,14,19,50,0,None,E21,C1B,4.102743400000E4,None,None
2025-01-07,14,19,50,0,None,E27,C1B,4.101995200000E4,None,None
2025-01-07,14,19,51,0,None,E04,C1B,4.111957600000E4,None,None
2025-01-07,14,19,51,0,None,E13,C1B,4.111742400000E4,None,None
2025-01-07,14,19,51,0,None,E15,C1B,4.111730000000E4,None,None
2025-01-07,14,19,51,0,None,E21,C1B,4.111809000000E4,None,None
2025-01-07,14,19,51,0,None,E27,C1B,4.111203000000E4,None,None
2025-01-07,14,19,52,0,None,E04,C1B,4.121015900000E4,None,None
2025-01-07,14,19,52,0,None,E13,C1B,4.120876600000E4,None,None
2025-01-07,14,19,52,0,None,E15,C1B,4.120177400000E4,None,None
2025-01-07,14,19,52,0,None,E21,C1B,4.120395100000E4,None,None
2025-01-07,14,19,52,0,None,E27,C1B,4.120082700000E4,None,None
2025-01-07,14,19,53,0,None,E04,C1B,4.129678700000E4,None,None
2025-01-07,14,19,53,0,None,E13,C1B,4.129406600000E4,None,None
2025-01-07,14,19,53,0,None,E15,C1B,4.129207000000E4,None,None
2025-01-07,14,19,53,0,None,E21,C1B,4.129634400000E4,None,None
2025-01-07,14,19,53,0,None,E27,C1B,4.129382300000E4,None,None
2025-01-07,14,19,54,0,None,E04,C1B,4.138320200000E4,None,None
2025-01-07,14,19,54,0,None,E13,C1B,4.138451200000E4,None,None
2025-01-07,14,19,54,0,None,E15,C1B,4.138608900000E4,None,None
2025-01-07,14,19,54,0,None,E21,C1B,4.138166900000E4,None,None
2025-01-07,14,19,54,0,None,E27,C1B,4.138096700000E4,None,None
2025-01-07,14,19,55,0,None,E04,C1B,4.147371500000E4,None,None
2025-01-07,14,19,55,0,None,E13,C1B,4.147330200000E4,None,None
2025-01-07,14,19,55,0,None,E15,C1B,4.147770200000E4,None,None
2025-01-07,14,19,55,0,None,E21,C1B,4.147087700000E4,None,None
2025-01-07,14,19,55,0,None,E27,C1B,4.146887500000E4,None,None
2025-01-07,14,19,56,0,None,E04,C1B,4.156060100000E4,None,None
2025-01-07,14,19,56,0,None,E13,C1B,4.156364600000E4,None,None
2025-01-07,14,19,56,0,None,E15,C1B,4.156264500000E4,None,None
2025-01-07,14,19,56,0,None,E21,C1B,4.156427500000E4,None,None
2025-01-07,14,19,56,0,None,E27,C1B,4.155839000000E4,None,None
2025-01-07,14,19,57,0,None,E04,C1B,4.165046400000E4,None,None
2025-01-07,14,19,57,0,None,E13,C1B,4.165197200000E4,None,None
2025-01-07,14,19,57,0,None,E15,C1B,4.165239500000E4,None,None
2025-01-07,14,19,57,0,None,E21,C1B,4.164933300000E4,None,None
2025-01-07,14,19,57,0,None,E27,C1B,4.165026200000E4,None,None
2025-01-07,14,19,58,0,None,E04,C1B,4.174347700000E4,None,None
2025-01-07,14,19,58,0,None,E13,C1B,4.173826000000E4,None,None
2025-01-07,14,19,58,0,None,E15,C1B,4.174489400000E4,None,None
2025-01-07,14,19,58,0,None,E21,C1B,4.173710100000E4,None,None
2025-01-07,14,19,58,0,None,E27,C1B,4.174001300000E4,None,None
2025-01-07,14,19,59,0,None,E04,C1B,4.182955200000E4,None,None
2025-01-07,14,19,59,0,None,E13,C1B,4.183248300000E4,None,None
2025-01-07,14,19,59,0,None,E15,C1B,4.182987100000E4,None,None
2025-01-07,14,19,59,0,None,E21,C1B,4.182545000000E4,None,None
2025-01-07,14,19,59,0,None,E27,C1B,4.182480600000E4,None,None
2025-01-07,14,20,00,0,None,E04,C1B,4.191434400000E4,None,None
2025-01-07,14,20,00,0,None,E13,C1B,4.192071600000E4,None,None
2025-01-07,14,20,00,0,None,E15,C1B,4.192197900000E4,None,None
2025-01-07,14,20,00,0,None,E21,C1B,4.191519300000E4,None,None
2025-01-07,14,20,00,0,None,E27,C1B,4.191869200000E4,None,None
2025-01-07,14,20,01,0,None,E04,C1B,4.200666900000E4,None,None
2025-01-07,14,20,01,0,None,E13,C1B,4.200376000000E4,None,None
2025-01-07,14,20,01,0,None,E15,C1B,4.200660000000E4,None,None
2025-01-07,14,20,01,0,None,E21,C1B,4.200480900000E4,None,None
2025-01-07,14,20,01,0,None,E27,C1B,4.200849200000E4,None,None
2025-01-07,14,20,02,0,None,E04,C1B,4.209554000000E4,None,None
2025-01-07,14,20,02,0,None,E13,C1B,4.209722900000E4,None,None
2025-01-07,14,20,02,0,None,E15,C1B,4.209842700000E4,None,None
2025-01-07,14,20,02,0,None,E21,C1B,4.209478600000E4,None,None
2025-01-07,14,20,02,0,None,E27,C1B,4.209643000000E4,None,None
2025-01-07,14,20,03,0,None,E04,C1B,4.218294600000E4,None,None
2025-01-07,14,20,03,0,None,E13,C1B,4.218544000000E4,None,None
2025-01-07,14,20,03,0,None,E15,C1B,4.218426400000E4,None,None
2025-01-07,14,20,03,0,None,E21,C1B,4.218100600000E4,None,None
2025-01-07,14,20,03,0,None,E27,C1B,4.217917300000E4,None,None
2025-01-07,14,20,04,0,None,E04,C1B,4.227123900000E4,None,None
2025-01-07,14,20,04,0,None,E13,C1B,4.227205600000E4,None,None
2025-01-07,14,20,04,0,None,E15,C1B,4.227555600000E4,None,None
2025-01-07,14,20,04,0,None,E21,C1B,4.227013800000E4,None,None
2025-01-07,14,20,04,0,None,E27,C1B,4.227292200000E4,None,None
2025-01-07,14,20,05,0,None,E04,C1B,4.235915100000E4,None,None
2025-01-07,14,20,05,0,None,E13,C1B,4.236586600000E4,None,None
2025-01-07,14,20,05,0,None,E15,C1B,4.236450000000E4,None,None
2025-01-07,14,20,05,0,None,E21,C1B,4.236285000000E4,None,None
2025-01-07,14,20,05,0,None,E27,C1B,4.236523200000E4,None,None
2025-01-07,14,20,06,0,None,E04,C1B,4.245408200000E4,None,None
2025-01-07,14,20,06,0,None,E13,C1B,4.245245700000E4,None,None
2025-01-07,14,20,06,0,None,E15,C1B,4.245028900000E4,None,None
2025-01-07,14,20,06,0,None,E21,C1B,4.245088500000E4,None,None
2025-01-07,14,20,06,0,None,E27,C1B,4.245342500000E4,None,None
2025-01-07,14,20,07,0,None,E04,C1B,4.254256800000E4,None,None
2025-01-07,14,20,07,0,None,E13,C1B,4.253945200000E4,None,None
2025-01-07,14,20,07,0,None,E15,C1B,4.254437300000E4,None,None
2025-01-07,14,20,07,0,None,E21,C1B,4.254075500000E4,None,None
2025-01-07,14,20,07,0,None,E27,C1B,4.254317700000E4,None,None
2025-01-07,14,20,08,0,None,E04,C1B,4.262955200000E4,None,None
2025-01-07,14,20,08,0,None,E13,C1B,4.262730700000E4,None,None
2025-01-07,14,20,08,0,None,E15,C1B,4.263097100000E4,None,None
2025-01-07,14,20,08,0,None,E21,C1B,4.262756600000E4,None,None
2025-01-07,14,20,08,0,None,E27,C1B,4.263030600000E4,None,None
2025-01-07,14,20,09,0,None,E04,C1B,4.271914300000E4,None,None
2025-01-07,14,20,09,0,None,E13,C1B,4.272055000000E4,None,None
2025-01-07,14,20,09,0,None,E15,C1B,4.272235400000E4,None,None
2025-01-07,14,20,09,0,None,E21,C1B,4.271925700000E4,None,None
2025-01-07,14,20,09,0,None,E27,C1B,4.271523200000E4,None,None
2025-01-07,14,20,10,0,None,E04,C1B,4.281124800000E4,None,None
2025-01-07,14,20,10,0,None,E13,C1B,4.280553000000E4,None,None
2025-01-07,14,20,10,0,None,E15,C1B,4.281003600000E4,None,None
2025-01-07,14,20,10,0,None,E21,C1B,4.280785200000E4,None,None
2025-01-07,14,20,10,0,None,E27,C1B,4.280746200000E4,None,None
2025-01-07,14,20,11,0,None,E04,C1B,4.289386200000E4,None,None
2025-01-07,14,20,11,0,None,E13,C1B,4.289808500000E4,None,None
2025-01-07,14,20,11,0,None,E15,C1B,4.289492700000E4,None,None
2025-01-07,14,20,11,0,None,E21,C1B,4.289683900000E4,None,None
2025-01-07,14,20,11,0,None,E27,C1B,4.289970300000E4,None,None
2025-01-07,14,20,12,0,None,E04,C1B,4.298315900000E4,None,None
2025-01-07,14,20,12,0,None,E13,C1B,4.298664100000E4,None,None
2025-01-07,14,20,12,0,None,E15,C1B,4.298819300000E4,None,None
2025-01-07,14,20,12,0,None,E21,C1B,4.298405700000E4,None,None
2025-01-07,14,20,12,0,None,E27,C1B,4.298459300000E4,None,None
2025-01-07,14,20,13,0,None,E04,C1B,4.307526200000E4,None,None
2025-01-07,14,20,13,0,None,E13,C1B,4.307537600000E4,None,None
2025-01-07,14,20,13,0,None,E15,C1B,4.307881800000E4,None,None
2025-01-07,14,20,13,0,None,E21,C1B,4.307498800000E4,None,None
2025-01-07,14,20,13,0,None,E27,C1B,4.307752200000E4,None,None
2025-01-07,14,20,14,0,None,E04,C1B,4.316474000000E4,None,None
2025-01-07,14,20,14,0,None,E13,C1B,4.316491500000E4,None,None
2025-01-07,14,20,14,0,None,E15,C1B,4.316530900000E4,None,None
2025-01-07,14,20,14,0,None,E21,C1B,4.316406900000E4,None,None
2025-01-07,14,20,14,0,None,E27,C1B,4.316204500000E4,None,None
2025-01-07,14,20,15,0,None,E04,C1B,4.325704900000E4,None,None
2025-01-07,14,20,15,0,None,E13,C1B,4.325214400000E4,None,None
2025-01-07,14,20,15,0,None,E15,C1B,4.325526000000E4,None,None
2025-01-07,14,20,15,0,None,E21,C1B,4.325265700000E4,None,None
2025-01-07,14,20,15,0,None,E27,C1B,4.325348500000E4,None,None
2025-01-07,14,20,16,0,None,E04,C1B,4.334377400000E4,None,None
2025-01-07,14,20,16,0,None,E13,C1B,4.334301900000E4,None,None
2025-01-07,14,20,16,0,None,E15,C1B,4.334579500000E4,None,None
2025-01-07,14,20,16,0,None,E21,C1B,4.334367300000E4,None,None
2025-01-07,14,20,16,0,None,E27,C1B,4.334202500000E4,None,None
2025-01-07,14,20,17,0,None,E04,C1B,4.343094500000E4,None,None
2025-01-07,14,20,17,0,None,E13,C1B,4.343344500000E4,None,None
2025-01-07,14,20,17,0,None,E15,C1B,4.342831800000E4,None,None
2025-01-07,14,20,17,0,None,E21,C1B,4.343184400000E4,None,None
2025-01-07,14,20,17,0,None,E27,C1B,4.343677200000E4,None,None
2025-01-07,14,20,18,0,None,E04,C1B,4.352101800000E4,None,None
2025-01-07,14,20,18,0,None,E13,C1B,4.352245700000E4,None,None
2025-01-07,14,20,18,0,None,E15,C1B,4.351947900000E4,None,None
2025-01-07,14,20,18,0,None,E21,C1B,4.352250400000E4,None,None
2025-01-07,14,20,18,0,None,E27,C1B,4.352199900000E4,None,None
2025-01-07,14,20,19,0,None,E04,C1B,4.360946300000E4,None,None
2025-01-07,14,20,19,0,None,E13,C1B,4.360757200000E4,None,None
2025-01-07,14,20,19,0,None,E15,C1B,4.360875600000E4,None,None
2025-01-07,14,20,19,0,None,E21,C1B,4.360965400000E4,None,None
2025-01-07,14,20,19,0,None,E27,C1B,4.360892500000E4,None,None
2025-01-07,14,20,20,0,None,E04,C1B,4.369714500000E4,None,None
2025-01-07,14,20,20,0,None,E13,C1B,4.370099300000E4,None,None
2025-01-07,14,20,20,0,None,E15,C1B,4.370004500000E4,None,None
2025-01-07,14,20,20,0,None,E21,C1B,4.369672400000E4,None,None
2025-01-07,14,20,20,0,None,E27,C1B,4.370002400000E4,None,None
2025-01-07,14,20,21,0,None,E04,C1B,4.378911800000E4,None,None
2025-01-07,14,20,21,0,None,E13,C1B,4.378686000000E4,None,None
2025-01-07,14,20,21,0,None,E15,C1B,4.378991000000E4,None,None
2025-01-07,14,20,21,0,None,E21,C1B,4.378746500000E4,None,None
2025-01-07,14,20,21,0,None,E27,C1B,4.379017300000E4,None,None
2025-01-07,14,20,22,0,None,E04,C1B,4.387864900000E4,None,None
2025-01-07,14,20,22,0,None,E13,C1B,4.387337100000E4,None,None
2025-01-07,14,20,22,0,None,E15,C1B,4.387931300000E4,None,None
2025-01-07,14,20,22,0,None,E21,C1B,4.387575100000E4,None,None
2025-01-07,14,20,22,0,None,E27,C1B,4.387420600000E4,None,None
2025-01-07,14,20,23,0,None,E04,C1B,4.396617000000E4,None,None
2025-01-07,14,20,23,0,None,E13,C1B,4.396932100000E4,None,None
2025-01-07,14,20,23,0,None,E15,C1B,4.396718200000E4,None,None
2025-01-07,14,20,23,0,None,E21,C1B,4.396527100000E4,None,None
2025-01-07,14,20,23,0,None,E27,C1B,4.396590600000E4,None,None
2025-01-07,14,20,24,0,None,E04,C1B,4.405408600000E4,None,None
2025-01-07,14,20,24,0,None,E13,C1B,4.405646900000E4,None,None
2025-01-07,14,20,24,0,None,E15,C1B,4.405423000000E4,None,None
2025-01-07,14,20,24,0,None,E21,C1B,4.405503500000E4,None,None
2025-01-07,14,20,24,0,None,E27,C1B,4.405540800000E4,None,None
2025-01-07,14,20,25,0,None,E04,C1B,4.414433600000E4,None,None
2025-01-07,14,20,25,0,None,E13,C1B,4.414448600000E4,None,None
2025-01-07,14,20,25,0,None,E15,C1B,4.414369900000E4,None,None
2025-01-07,14,20,25,0,None,E21,C1B,4.414434400000E4,None,None
2025-01-07,14,20,25,0,None,E27,C1B,4.414343600000E4,None,None
2025-01-07,14,20,26,0,None,E04,C1B,4.423527400000E4,None,None
2025-01-07,14,20,26,0,None,E13,C1B,4.423608000000E4,None,None
2025-01-07,14,20,26,0,None,E15,C1B,4.423715700000E4,None,None
2025-01-07,14,20,26,0,None,E21,C1B,4.422992100000E4,None,None
2025-01-07,14,20,26,0,None,E27,C1B,4.423452600000E4,None,None
2025-01-07,14,20,27,0,None,E04,C1B,4.432964100000E4,None,None
2025-01-07,14,20,27,0,None,E13,C1B,4.432178700000E4,None,None
2025-01-07,14,20,27,0,None,E15,C1B,4.432633000000E4,None,None
2025-01-07,14,20,27,0,None,E21,C1B,4.432361600000E4,None,None
2025-01-07,14,20,27,0,None,E27,C1B,4.432272600000E4,None,None
2025-01-07,14,20,28,0,None,E04,C1B,4.440983300000E4,None,None
2025-01-07,14,20,28,0,None,E13,C1B,4.441543200000E4,None,None
2025-01-07,14,20,28,0,None,E15,C1B,4.441005200000E4,None,None
2025-01-07,14,20,28,0,None,E21,C1B,4.441093900000E4,None,None
2025-01-07,14,20,28,0,None,E27,C1B,4.441183800000E4,None,None
2025-01-07,14,20,29,0,None,E04,C1B,4.450032300000E4,None,None
2025-01-07,14,20,29,0,None,E13,C1B,4.450162900000E4,None,None
2025-01-07,14,20,29,0,None,E15,C1B,4.449840700000E4,None,None
2025-01-07,14,20,29,0,None,E21,C1B,4.450173300000E4,None,None
2025-01-07,14,20,29,0,None,E27,C1B,4.449915700000E4,None,None
2025-01-07,14,20,30,0,None,E04,C1B,4.459008000000E4,None,None
2025-01-07,14,20,30,0,None,E13,C1B,4.458755300000E4,None,None
2025-01-07,14,20,30,0,None,E15,C1B,4.458581600000E4,None,None
2025-01-07,14,20,30,0,None,E21,C1B,4.459067600000E4,None,None
2025-01-07,14,20,30,0,None,E27,C1B,4.459030900000E4,None,None
2025-01-07,14,20,31,0,None,E04,C1B,4.467986000000E4,None,None
2025-01-07,14,20,31,0,None,E13,C1B,4.467897700000E4,None,None
2025-01-07,14,20,31,0,None,E15,C1B,4.467758700000E4,None,None
2025-01-07,14,20,31,0,None,E21,C1B,4.467856900000E4,None,None
2025-01-07,14,20,31,0,None,E27,C1B,4.468109300000E4,None,None
2025-01-07,14,20,32,0,None,E04,C1B,4.476296100000E4,None,None
2025-01-07,14,20,32,0,None,E13,C1B,4.477134500000E4,None,None
2025-01-07,14,20,32,0,None,E15,C1B,4.476340400000E4,None,None
2025-01-07,14,20,32,0,None,E21,C1B,4.476594900000E4,None,None
2025-01-07,14,20,32,0,None,E27,C1B,4.476618700000E4,None,None
2025-01-07,14,20,33,0,None,E04,C1B,4.485691800000E4,None,None
2025-01-07,14,20,33,0,None,E13,C1B,4.485686800000E4,None,None
2025-01-07,14,20,33,0,None,E15,C1B,4.485495400000E4,None,None
2025-01-07,14,20,33,0,None,E21,C1B,4.485602800000E4,None,None
2025-01-07,14,20,33,0,None,E27,C1B,4.485681400000E4,None,None
2025-01-07,14,20,34,0,None,E04,C1B,4.494680500000E4,None,None
2025-01-07,14,20,34,0,None,E13,C1B,4.494682700000E4,None,None
2025-01-07,14,20,34,0,None,E15,C1B,4.494097700000E4,None,None
2025-01-07,14,20,34,0,None,E21,C1B,4.494521700000E4,None,None
2025-01-07,14,20,34,0,None,E27,C1B,4.494497900000E4,None,None
2025-01-07,14,20,35,0,None,E04,C1B,4.503729600000E4,None,None
2025-01-07,14,20,35,0,None,E13,C1B,4.503548700000E4,None,None
2025-01-07,14,20,35,0,None,E15,C1B,4.502777000000E4,None,None
2025-01-07,14,20,35,0,None,E21,C1B,4.503412000000E4,None,None
2025-01-07,14,20,35,0,None,E27,C1B,4.503066000000E4,None,None
2025-01-07,14,20,36,0,None,E04,C1B,4.512684700000E4,None,None
2025-01-07,14,20,36,0,None,E13,C1B,4.512014400000E4,None,None
2025-01-07,14,20,36,0,None,E15,C1B,4.512193200000E4,None,None
2025-01-07,14,20,36,0,None,E21,C1B,4.511971200000E4,None,None
2025-01-07,14,20,36,0,None,E27,C1B,4.512318400000E4,None,None
2025-01-07,14,20,37,0,None,E04,C1B,4.521046100000E4,None,None
2025-01-07,14,20,37,0,None,E13,C1B,4.521258100000E4,None,None
2025-01-07,14,20,37,0,None,E15,C1B,4.520768300000E4,None,None
2025-01-07,14,20,37,0,None,E21,C1B,4.521279900000E4,None,None
2025-01-07,14,20,37,0,None,E27,C1B,4.521423400000E4,None,None
2025-01-07,14,20,38,0,None,E04,C1B,4.530070200000E4,None,None
2025-01-07,14,20,38,0,None,E13,C1B,4.530208400000E4,None,None
2025-01-07,14,20,38,0,None,E15,C1B,4.529999400000E4,None,None
2025-01-07,14,20,38,0,None,E21,C1B,4.530284900000E4,None,None
2025-01-07,14,20,38,0,None,E27,C1B,4.530590100000E4,None,None
2025-01-07,14,20,39,0,None,E04,C1B,4.538792400000E4,None,None
2025-01-07,14,20,39,0,None,E13,C1B,4.539023300000E4,None,None
2025-01-07,14,20,39,0,None,E15,C1B,4.539000900000E4,None,None
2025-01-07,14,20,39,0,None,E21,C1B,4.538745400000E4,None,None
2025-01-07,14,20,39,0,None,E27,C1B,4.539032700000E4,None,None
2025-01-07,14,20,40,0,None,E04,C1B,4.547749200000E4,None,None
2025-01-07,14,20,40,0,None,E13,C1B,4.547608700000E4,None,None
2025-01-07,14,20,40,0,None,E15,C1B,4.548005900000E4,None,None
2025-01-07,14,20,40,0,None,E21,C1B,4.548028200000E4,None,None
2025-01-07,14,20,40,0,None,E27,C1B,4.548207700000E4,None,None
2025-01-07,14,20,41,0,None,E04,C1B,4.556978200000E4,None,None
2025-01-07,14,20,41,0,None,E13,C1B,4.556863100000E4,None,None
2025-01-07,14,20,41,0,None,E15,C1B,4.556569800000E4,None,None
2025-01-07,14,20,41,0,None,E21,C1B,4.556596300000E4,None,None
2025-01-07,14,20,41,0,None,E27,C1B,4.556722600000E4,None,None
2025-01-07,14,20,42,0,None,E04,C1B,4.565389200000E4,None,None
2025-01-07,14,20,42,0,None,E13,C1B,4.565599300000E4,None,None
2025-01-07,14,20,42,0,None,E15,C1B,4.565736800000E4,None,None
2025-01-07,14,20,42,0,None,E21,C1B,4.565902100000E4,None,None
2025-01-07,14,20,42,0,None,E27,C1B,4.565852100000E4,None,None
2025-01-07,14,20,43,0,None,E04,C1B,4.574185800000E4,None,None
2025-01-07,14,20,43,0,None,E13,C1B,4.574525500000E4,None,None
2025-01-07,14,20,43,0,None,E15,C1B,4.574157100000E4,None,None
2025-01-07,14,20,43,0,None,E21,C1B,4.574432100000E4,None,None
2025-01-07,14,20,43,0,None,E27,C1B,4.574393800000E4,None,None
2025-01-07,14,20,44,0,None,E04,C1B,4.582914300000E4,None,None
2025-01-07,14,20,44,0,None,E13,C1B,4.583748200000E4,None,None
2025-01-07,14,20,44,0,None,E15,C1B,4.583408300000E4,None,None
2025-01-07,14,20,44,0,None,E21,C1B,4.583354300000E4,None,None
2025-01-07,14,20,44,0,None,E27,C1B,4.583425600000E4,None,None
2025-01-07,14,20,45,0,None,E04,C1B,4.592539100000E4,None,None
2025-01-07,14,20,45,0,None,E13,C1B,4.592474200000E4,None,None
2025-01-07,14,20,45,0,None,E15,C1B,4.592230000000E4,None,None
2025-01-07,14,20,45,0,None,E21,C1B,4.592201600000E4,None,None
2025-01-07,14,20,45,0,None,E27,C1B,4.592653200000E4,None,None
2025-01-07,14,20,46,0,None,E04,C1B,4.601204300000E4,None,None
2025-01-07,14,20,46,0,None,E13,C1B,4.601627900000E4,None,None
2025-01-07,14,20,46,0,None,E15,C1B,4.601321400000E4,None,None
2025-01-07,14,20,46,0,None,E21,C1B,4.601194000000E4,None,None
2025-01-07,14,20,46,0,None,E27,C1B,4.601195400000E4,None,None
2025-01-07,14,20,47,0,None,E04,C1B,4.610047000000E4,None,None
2025-01-07,14,20,47,0,None,E13,C1B,4.610284300000E4,None,None
2025-01-07,14,20,47,0,None,E15,C1B,4.610188600000E4,None,None
2025-01-07,14,20,47,0,None,E21,C1B,4.610171300000E4,None,None
2025-01-07,14,20,47,0,None,E27,C1B,4.610415700000E4,None,None
2025-01-07,14,20,48,0,None,E04,C1B,4.619521800000E4,None,None
2025-01-07,14,20,48,0,None,E13,C1B,4.619334300000E4,None,None
2025-01-07,14,20,48,0,None,E15,C1B,4.618967300000E4,None,None
2025-01-07,14,20,48,0,None,E21,C1B,4.619090900000E4,None,None
2025-01-07,14,20,48,0,None,E27,C1B,4.619343900000E4,None,None
2025-01-07,14,20,49,0,None,E04,C1B,4.628116800000E4,None,None
2025-01-07,14,20,49,0,None,E13,C1B,4.628295400000E4,None,None
2025-01-07,14,20,49,0,None,E15,C1B,4.628056600000E4,None,None
2025-01-07,14,20,49,0,None,E21,C1B,4.628073700000E4,None,None
2025-01-07,14,20,49,0,None,E27,C1B,4.628534700000E4,None,None
2025-01-07,14,20,50,0,None,E04,C1B,4.637202000000E4,None,None
2025-01-07,14,20,50,0,None,E13,C1B,4.637099200000E4,None,None
2025-01-07,14,20,50,0,None,E15,C1B,4.637132900000E4,None,None
2025-01-07,14,20,50,0,None,E21,C1B,4.637124900000E4,None,None
2025-01-07,14,20,50,0,None,E27,C1B,4.636755700000E4,None,None
2025-01-07,14,20,51,0,None,E04,C1B,4.645493400000E4,None,None
2025-01-07,14,20,51,0,None,E13,C1B,4.646406100000E4,None,None
2025-01-07,14,20,51,0,None,E15,C1B,4.646427000000E4,None,None
2025-01-07,14,20,51,0,None,E21,C1B,4.645943300000E4,None,None
2025-01-07,14,20,51,0,None,E27,C1B,4.645725800000E4,None,None
2025-01-07,14,20,52,0,None,E04,C1B,4.654829800000E4,None,None
2025-01-07,14,20,52,0,None,E13,C1B,4.655260300000E4,None,None
2025-01-07,14,20,52,0,None,E15,C1B,4.654669200000E4,None,None
2025-01-07,14,20,52,0,None,E21,C1B,4.654930200000E4,None,None
2025-01-07,14,20,52,0,None,E27,C1B,4.654673300000E4,None,None
2025-01-07,14,20,53,0,None,E04,C1B,4.663617100000E4,None,None
2025-01-07,14,20,53,0,None,E13,C1B,4.663892000000E4,None,None
2025-01-07,14,20,53,0,None,E15,C1B,4.663571900000E4,None,None
2025-01-07,14,20,53,0,None,E21,C1B,4.663989600000E4,None,None
2025-01-07,14,20,53,0,None,E27,C1B,4.663734600000E4,None,None
2025-01-07,14,20,54,0,None,E04,C1B,4.672635800000E4,None,None
2025-01-07,14,20,54,0,None,E13,C1B,4.672802600000E4,None,None
2025-01-07,14,20,54,0,None,E15,C1B,4.672866700000E4,None,None
2025-01-07,14,20,54,0,None,E21,C1B,4.672603600000E4,None,None
2025-01-07,14,20,54,0,None,E27,C1B,4.672811100000E4,None,None
2025-01-07,14,20,55,0,None,E04,C1B,4.681726500000E4,None,None
2025-01-07,14,20,55,0,None,E13,C1B,4.681651300000E4,None,None
2025-01-07,14,20,55,0,None,E15,C1B,4.681445800000E4,None,None
2025-01-07,14,20,55,0,None,E21,C1B,4.681625400000E4,None,None
2025-01-07,14,20,55,0,None,E27,C1B,4.681965200000E4,None,None
2025-01-07,14,20,56,0,None,E04,C1B,4.690919900000E4,None,None
2025-01-07,14,20,56,0,None,E13,C1B,4.690710800000E4,None,None
2025-01-07,14,20,56,0,None,E15,C1B,4.691038000000E4,None,None
2025-01-07,14,20,56,0,None,E21,C1B,4.690582700000E4,None,None
2025-01-07,14,20,56,0,None,E27,C1B,4.690574300000E4,None,None
2025-01-07,14,20,57,0,None,E04,C1B,4.699698300000E4,None,None
2025-01-07,14,20,57,0,None,E13,C1B,4.699659200000E4,None,None
2025-01-07,14,20,57,0,None,E15,C1B,4.699279200000E4,None,None
2025-01-07,14,20,57,0,None,E21,C1B,4.699410700000E4,None,None
2025-01-07,14,20,57,0,None,E27,C1B,4.699492500000E4,None,None
2025-01-07,14,20,58,0,None,E04,C1B,4.708206500000E4,None,None
2025-01-07,14,20,58,0,None,E13,C1B,4.708725200000E4,None,None
2025-01-07,14,20,58,0,None,E15,C1B,4.708599800000E4,None,None
2025-01-07,14,20,58,0,None,E21,C1B,4.708229200000E4,None,None
2025-01-07,14,20,58,0,None,E27,C1B,4.708908200000E4,None,None
2025-01-07,14,20,59,0,None,E04,C1B,4.717297000000E4,None,None
2025-01-07,14,20,59,0,None,E13,C1B,4.717867500000E4,None,None
2025-01-07,14,20,59,0,None,E15,C1B,4.717539100000E4,None,None
2025-01-07,14,20,59,0,None,E21,C1B,4.717490500000E4,None,None
2025-01-07,14,20,59,0,None,E27,C1B,4.717558000000E4,None,None
2025-01-07,14,21,00,0,None,E04,C1B,4.726289000000E4,None,None
2025-01-07,14,21,00,0,None,E13,C1B,4.726410300000E4,None,None
2025-01-07,14,21,00,0,None,E15,C1B,4.726343200000E4,None,None
2025-01-07,14,21,00,0,None,E21,C1B,4.726326600000E4,None,None
2025-01-07,14,21,00,0,None,E27,C1B,4.726183200000E4,None,None
2025-01-07,14,21,01,0,None,E04,C1B,4.735640500000E4,None,None
2025-01-07,14,21,01,0,None,E13,C1B,4.735653700000E4,None,None
2025-01-07,14,21,01,0,None,E15,C1B,4.735195600000E4,None,None
2025-01-07,14,21,01,0,None,E21,C1B,4.735371100000E4,None,None
2025-01-07,14,21,01,0,None,E27,C1B,4.734990200000E4,None,None
2025-01-07,14,21,02,0,None,E04,C1B,4.744233100000E4,None,None
2025-01-07,14,21,02,0,None,E13,C1B,4.744286200000E4,None,None
2025-01-07,14,21,02,0,None,E15,C1B,4.743982300000E4,None,None
2025-01-07,14,21,02,0,None,E21,C1B,4.744446900000E4,None,None
2025-01-07,14,21,02,0,None,E27,C1B,4.744142100000E4,None,None
2025-01-07,14,21,03,0,None,E04,C1B,4.752999100000E4,None,None
2025-01-07,14,21,03,0,None,E13,C1B,4.753320500000E4,None,None
2025-01-07,14,21,03,0,None,E15,C1B,4.752639200000E4,None,None
2025-01-07,14,21,03,0,None,E21,C1B,4.753229800000E4,None,None
2025-01-07,14,21,03,0,None,E27,C1B,4.753399300000E4,None,None
2025-01-07,14,21,04,0,None,E04,C1B,4.762214700000E4,None,None
2025-01-07,14,21,04,0,None,E13,C1B,4.762580300000E4,None,None
2025-01-07,14,21,04,0,None,E15,C1B,4.761766900000E4,None,None
2025-01-07,14,21,04,0,None,E21,C1B,4.762054500000E4,None,None
2025-01-07,14,21,04,0,None,E27,C1B,4.762230000000E4,None,None
2025-01-07,14,21,05,0,None,E04,C1B,4.770744900000E4,None,None
2025-01-07,14,21,05,0,None,E13,C1B,4.771257700000E4,None,None
2025-01-07,14,21,05,0,None,E15,C1B,4.770748200000E4,None,None
2025-01-07,14,21,05,0,None,E21,C1B,4.770790600000E4,None,None
2025-01-07,14,21,05,0,None,E27,C1B,4.771175300000E4,None,None
2025-01-07,14,21,06,0,None,E04,C1B,4.779590500000E4,None,None
2025-01-07,14,21,06,0,None,E13,C1B,4.779959200000E4,None,None
2025-01-07,14,21,06,0,None,E15,C1B,4.779255400000E4,None,None
2025-01-07,14,21,06,0,None,E21,C1B,4.780017300000E4,None,None
2025-01-07,14,21,06,0,None,E27,C1B,4.779422900000E4,None,None
2025-01-07,14,21,07,0,None,E04,C1B,4.788965400000E4,None,None
2025-01-07,14,21,07,0,None,E13,C1B,4.788896500000E4,None,None
2025-01-07,14,21,07,0,None,E15,C1B,4.788294100000E4,None,None
2025-01-07,14,21,07,0,None,E21,C1B,4.788675700000E4,None,None
2025-01-07,14,21,07,0,None,E27,C1B,4.789087400000E4,None,None
2025-01-07,14,21,08,0,None,E04,C1B,4.798321300000E4,None,None
2025-01-07,14,21,08,0,None,E13,C1B,4.798021600000E4,None,None
2025-01-07,14,21,08,0,None,E15,C1B,4.797596200000E4,None,None
2025-01-07,14,21,08,0,None,E21,C1B,4.797798500000E4,None,None
2025-01-07,14,21,08,0,None,E27,C1B,4.797925200000E4,None,None
2025-01-07,14,21,09,0,None,E04,C1B,4.806905700000E4,None,None
2025-01-07,14,21,09,0,None,E13,C1B,4.806827700000E4,None,None
2025-01-07,14,21,09,0,None,E15,C1B,4.806845300000E4,None,None
2025-01-07,14,21,09,0,None,E21,C1B,4.806765500000E4,None,None
2025-01-07,14,21,09,0,None,E27,C1B,4.806600600000E4,None,None
2025-01-07,14,21,10,0,None,E04,C1B,4.815723000000E4,None,None
2025-01-07,14,21,10,0,None,E13,C1B,4.815333500000E4,None,None
2025-01-07,14,21,10,0,None,E15,C1B,4.815495100000E4,None,None
2025-01-07,14,21,10,0,None,E21,C1B,4.815722200000E4,None,None
2025-01-07,14,21,10,0,None,E27,C1B,4.815365400000E4,None,None
2025-01-07,14,21,11,0,None,E04,C1B,4.824364900000E4,None,None
2025-01-07,14,21,11,0,None,E13,C1B,4.824536000000E4,None,None
2025-01-07,14,21,11,0,None,E15,C1B,4.824318000000E4,None,None
2025-01-07,14,21,11,0,None,E21,C1B,4.824699200000E4,None,None
2025-01-07,14,21,11,0,None,E27,C1B,4.824671800000E4,None,None
2025-01-07,14,21,12,0,None,E04,C1B,4.833673600000E4,None,None
2025-01-07,14,21,12,0,None,E13,C1B,4.833586100000E4,None,None
2025-01-07,14,21,12,0,None,E15,C1B,4.833810000000E4,None,None
2025-01-07,14,21,12,0,None,E21,C1B,4.833492000000E4,None,None
2025-01-07,14,21,12,0,None,E27,C1B,4.833668400000E4,None,None
2025-01-07,14,21,13,0,None,E04,C1B,4.842979900000E4,None,None
2025-01-07,14,21,13,0,None,E13,C1B,4.842407200000E4,None,None
2025-01-07,14,21,13,0,None,E15,C1B,4.842491800000E4,None,None
2025-01-07,14,21,13,0,None,E21,C1B,4.842363800000E4,None,None
2025-01-07,14,21,13,0,None,E27,C1B,4.843021900000E4,None,None
2025-01-07,14,21,14,0,None,E04,C1B,4.851453900000E4,None,None
2025-01-07,14,21,14,0,None,E13,C1B,4.851268800000E4,None,None
2025-01-07,14,21,14,0,None,E15,C1B,4.851665300000E4,None,None
2025-01-07,14,21,14,0,None,E21,C1B,4.851371400000E4,None,None
2025-01-07,14,21,14,0,None,E27,C1B,4.851427200000E4,None,None
2025-01-07,14,21,15,0,None,E04,C1B,4.860524200000E4,None,None
2025-01-07,14,21,15,0,None,E13,C1B,4.860197000000E4,None,None
2025-01-07,14,21,15,0,None,E15,C1B,4.860503700000E4,None,None
2025-01-07,14,21,15,0,None,E21,C1B,4.860071300000E4,None,None
2025-01-07,14,21,15,0,None,E27,C1B,4.860194700000E4,None,None
2025-01-07,14,21,16,0,None,E04,C1B,4.869109200000E4,None,None
2025-01-07,14,21,16,0,None,E13,C1B,4.869097400000E4,None,None
2025-01-07,14,21,16,0,None,E15,C1B,4.869119100000E4,None,None
2025-01-07,14,21,16,0,None,E21,C1B,4.869151200000E4,None,None
2025-01-07,14,21,16,0,None,E27,C1B,4.869531400000E4,None,None
2025-01-07,14,21,17,0,None,E04,C1B,4.878530600000E4,None,None
2025-01-07,14,21,17,0,None,E13,C1B,4.878114000000E4,None,None
2025-01-07,14,21,17,0,None,E15,C1B,4.877994200000E4,None,None
2025-01-07,14,21,17,0,None,E21,C1B,4.878043400000E4,None,None
2025-01-07,14,21,17,0,None,E27,C1B,4.878095800000E4,None,None
2025-01-07,14,21,18,0,None,E04,C1B,4.887100900000E4,None,None
2025-01-07,14,21,18,0,None,E13,C1B,4.887192600000E4,None,None
2025-01-07,14,21,18,0,None,E15,C1B,4.887468700000E4,None,None
2025-01-07,14,21,18,0,None,E21,C1B,4.887037400000E4,None,None
2025-01-07,14,21,18,0,None,E27,C1B,4.887734000000E4,None,None
2025-01-07,14,21,19,0,None,E04,C1B,4.895810600000E4,None,None
2025-01-07,14,21,19,0,None,E13,C1B,4.896063600000E4,None,None
2025-01-07,14,21,19,0,None,E15,C1B,4.896342500000E4,None,None
2025-01-07,14,21,19,0,None,E21,C1B,4.896078500000E4,None,None
2025-01-07,14,21,19,0,None,E27,C1B,4.896385600000E4,None,None
2025-01-07,14,21,20,0,None,E04,C1B,4.904927000000E4,None,None
2025-01-07,14,21,20,0,None,E13,C1B,4.905037200000E4,None,None
2025-01-07,14,21,20,0,None,E15,C1B,4.904897700000E4,None,None
2025-01-07,14,21,20,0,None,E21,C1B,4.905208900000E4,None,None
2025-01-07,14,21,20,0,None,E27,C1B,4.904813300000E4,None,None
2025-01-07,14,21,21,0,None,E04,C1B,4.913906700000E4,None,None
2025-01-07,14,21,21,0,None,E13,C1B,4.914012400000E4,None,None
2025-01-07,14,21,21,0,None,E15,C1B,4.913901200000E4,None,None
2025-01-07,14,21,21,0,None,E21,C1B,4.913598600000E4,None,None
2025-01-07,14,21,21,0,None,E27,C1B,4.913772400000E4,None,None
2025-01-07,14,21,22,0,None,E04,C1B,4.922499500000E4,None,None
2025-01-07,14,21,22,0,None,E13,C1B,4.922963800000E4,None,None
2025-01-07,14,21,22,0,None,E15,C1B,4.922640900000E4,None,None
2025-01-07,14,21,22,0,None,E21,C1B,4.923031900000E4,None,None
2025-01-07,14,21,22,0,None,E27,C1B,4.922923600000E4,None,None
2025-01-07,14,21,23,0,None,E04,C1B,4.931315800000E4,None,None
2025-01-07,14,21,23,0,None,E13,C1B,4.931703700000E4,None,None
2025-01-07,14,21,23,0,None,E15,C1B,4.931691200000E4,None,None
2025-01-07,14,21,23,0,None,E21,C1B,4.931912800000E4,None,None
2025-01-07,14,21,23,0,None,E27,C1B,4.932373100000E4,None,None
2025-01-07,14,21,24,0,None,E04,C1B,4.940195600000E4,None,None
2025-01-07,14,21,24,0,None,E13,C1B,4.940675300000E4,None,None
2025-01-07,14,21,24,0,None,E15,C1B,4.940879400000E4,None,None
2025-01-07,14,21,24,0,None,E21,C1B,4.940772100000E4,None,None
2025-01-07,14,21,24,0,None,E27,C1B,4.940880700000E4,None,None
2025-01-07,14,21,25,0,None,E04,C1B,4.949326700000E4,None,None
2025-01-07,14,21,25,0,None,E13,C1B,4.949416800000E4,None,None
2025-01-07,14,21,25,0,None,E15,C1B,4.949499300000E4,None,None
2025-01-07,14,21,25,0,None,E21,C1B,4.949655300000E4,None,None
2025-01-07,14,21,25,0,None,E27,C1B,4.949484000000E4,None,None
2025-01-07,14,21,26,0,None,E04,C1B,4.958383900000E4,None,None
2025-01-07,14,21,26,0,None,E13,C1B,4.958378700000E4,None,None
2025-01-07,14,21,26,0,None,E15,C1B,4.958460300000E4,None,None
2025-01-07,14,21,26,0,None,E21,C1B,4.958551400000E4,None,None
2025-01-07,14,21,26,0,None,E27,C1B,4.958740200000E4,None,None
2025-01-07,14,21,27,0,None,E04,C1B,4.967085300000E4,None,None
2025-01-07,14,21,27,0,None,E13,C1B,4.967538300000E4,None,None
2025-01-07,14,21,27,0,None,E15,C1B,4.967336400000E4,None,None
2025-01-07,14,21,27,0,None,E21,C1B,4.967456900000E4,None,None
2025-01-07,14,21,27,0,None,E27,C1B,4.967456600000E4,None,None
2025-01-07,14,21,28,0,None,E04,C1B,4.976345700000E4,None,None
2025-01-07,14,21,28,0,None,E13,C1B,4.976753300000E4,None,None
2025-01-07,14,21,28,0,None,E15,C1B,4.976826800000E4,None,None
2025-01-07,14,21,28,0,None,E21,C1B,4.976325500000E4,None,None
2025-01-07,14,21,28,0,None,E27,C1B,4.976370400000E4,None,None
2025-01-07,14,21,29,0,None,E04,C1B,4.985438100000E4,None,None
2025-01-07,14,21,29,0,None,E13,C1B,4.985447400000E4,None,None
2025-01-07,14,21,29,0,None,E15,C1B,4.985389100000E4,None,None
2025-01-07,14,21,29,0,None,E21,C1B,4.985400300000E4,None,None
2025-01-07,14,21,29,0,None,E27,C1B,4.985641200000E4,None,None
2025-01-07,14,21,30,0,None,E04,C1B,4.993951000000E4,None,None
2025-01-07,14,21,30,0,None,E13,C1B,4.994534400000E4,None,None
2025-01-07,14,21,30,0,None,E15,C1B,4.994273200000E4,None,None
2025-01-07,14,21,30,0,None,E21,C1B,4.994135500000E4,None,None
2025-01-07,14,21,30,0,None,E27,C1B,4.994313100000E4,None,None
2025-01-07,14,21,31,0,None,E04,C1B,5.002745700000E4,None,None
2025-01-07,14,21,31,0,None,E13,C1B,5.003175700000E4,None,None
2025-01-07,14,21,31,0,None,E15,C1B,5.003239700000E4,None,None
2025-01-07,14,21,31,0,None,E21,C1B,5.002983500000E4,None,None
2025-01-07,14,21,31,0,None,E27,C1B,5.003637800000E4,None,None
2025-01-07,14,21,32,0,None,E04,C1B,5.011768200000E4,None,None
2025-01-07,14,21,32,0,None,E13,C1B,5.012244400000E4,None,None
2025-01-07,14,21,32,0,None,E15,C1B,5.012327400000E4,None,None
2025-01-07,14,21,32,0,None,E21,C1B,5.012231400000E4,None,None
2025-01-07,14,21,32,0,None,E27,C1B,5.012132100000E4,None,None
2025-01-07,14,21,33,0,None,E04,C1B,5.021069000000E4,None,None
2025-01-07,14,21,33,0,None,E13,C1B,5.021396800000E4,None,None
2025-01-07,14,21,33,0,None,E15,C1B,5.021195300000E4,None,None
2025-01-07,14,21,33,0,None,E21,C1B,5.021109200000E4,None,None
2025-01-07,14,21,33,0,None,E27,C1B,5.020781600000E4,None,None
2025-01-07,14,21,34,0,None,E04,C1B,5.030020500000E4,None,None
2025-01-07,14,21,34,0,None,E13,C1B,5.030016500000E4,None,None
2025-01-07,14,21,34,0,None,E15,C1B,5.029969600000E4,None,None
2025-01-07,14,21,34,0,None,E21,C1B,5.029807400000E4,None,None
2025-01-07,14,21,34,0,None,E27,C1B,5.029503300000E4,None,None
2025-01-07,14,21,35,0,None,E04,C1B,5.039185500000E4,None,None
2025-01-07,14,21,35,0,None,E13,C1B,5.038827400000E4,None,None
2025-01-07,14,21,35,0,None,E15,C1B,5.038567800000E4,None,None
2025-01-07,14,21,35,0,None,E21,C1B,5.039135000000E4,None,None
2025-01-07,14,21,35,0,None,E27,C1B,5.038972300000E4,None,None
2025-01-07,14,21,36,0,None,E04,C1B,5.047915600000E4,None,None
2025-01-07,14,21,36,0,None,E13,C1B,5.048080800000E4,None,None
2025-01-07,14,21,36,0,None,E15,C1B,5.047821600000E4,None,None
2025-01-07,14,21,36,0,None,E21,C1B,5.047969600000E4,None,None
2025-01-07,14,21,36,0,None,E27,C1B,5.047852800000E4,None,None
2025-01-07,14,21,37,0,None,E04,C1B,5.057314200000E4,None,None
2025-01-07,14,21,37,0,None,E13,C1B,5.057035600000E4,None,None
2025-01-07,14,21,37,0,None,E15,C1B,5.056816400000E4,None,None
2025-01-07,14,21,37,0,None,E21,C1B,5.056944800000E4,None,None
2025-01-07,14,21,37,0,None,E27,C1B,5.056511200000E4,None,None
2025-01-07,14,21,38,0,None,E04,C1B,5.065762600000E4,None,None
2025-01-07,14,21,38,0,None,E13,C1B,5.066150100000E4,None,None
2025-01-07,14,21,38,0,None,E15,C1B,5.066138700000E4,None,None
2025-01-07,14,21,38,0,None,E21,C1B,5.065556300000E4,None,None
2025-01-07,14,21,38,0,None,E27,C1B,5.065855700000E4,None,None
2025-01-07,14,21,39,0,None,E04,C1B,5.075232100000E4,None,None
2025-01-07,14,21,39,0,None,E13,C1B,5.074819900000E4,None,None
2025-01-07,14,21,39,0,None,E15,C1B,5.074693200000E4,None,None
2025-01-07,14,21,39,0,None,E21,C1B,5.074773100000E4,None,None
2025-01-07,14,21,39,0,None,E27,C1B,5.074226600000E4,None,None
2025-01-07,14,21,40,0,None,E04,C1B,5.084092700000E4,None,None
2025-01-07,14,21,40,0,None,E13,C1B,5.084030000000E4,None,None
2025-01-07,14,21,40,0,None,E15,C1B,5.083547500000E4,None,None
2025-01-07,14,21,40,0,None,E21,C1B,5.083537400000E4,None,None
2025-01-07,14,21,40,0,None,E27,C1B,5.083895300000E4,None,None
2025-01-07,14,21,41,0,None,E04,C1B,5.093029600000E4,None,None
2025-01-07,14,21,41,0,None,E13,C1B,5.092722500000E4,None,None
2025-01-07,14,21,41,0,None,E15,C1B,5.092850700000E4,None,None
2025-01-07,14,21,41,0,None,E21,C1B,5.092752500000E4,None,None
2025-01-07,14,21,41,0,None,E27,C1B,5.092564400000E4,None,None
2025-01-07,14,21,42,0,None,E04,C1B,5.101319000000E4,None,None
2025-01-07,14,21,42,0,None,E13,C1B,5.101594300000E4,None,None
2025-01-07,14,21,42,0,None,E15,C1B,5.101927900000E4,None,None
2025-01-07,14,21,42,0,None,E21,C1B,5.101458100000E4,None,None
2025-01-07,14,21,42,0,None,E27,C1B,5.101651100000E4,None,None
2025-01-07,14,21,43,0,None,E04,C1B,5.110688100000E4,None,None
2025-01-07,14,21,43,0,None,E13,C1B,5.110438600000E4,None,None
2025-01-07,14,21,43,0,None,E15,C1B,5.110442600000E4,None,None
2025-01-07,14,21,43,0,None,E21,C1B,5.110702700000E4,None,None
2025-01-07,14,21,43,0,None,E27,C1B,5.110714900000E4,None,None
2025-01-07,14,21,44,0,None,E04,C1B,5.119597500000E4,None,None
2025-01-07,14,21,44,0,None,E13,C1B,5.120082800000E4,None,None
2025-01-07,14,21,44,0,None,E15,C1B,5.119591000000E4,None,None
2025-01-07,14,21,44,0,None,E21,C1B,5.119684900000E4,None,None
2025-01-07,14,21,44,0,None,E27,C1B,5.119208100000E4,None,None
2025-01-07,14,21,45,0,None,E04,C1B,5.128639400000E4,None,None
2025-01-07,14,21,45,0,None,E13,C1B,5.128667300000E4,None,None
2025-01-07,14,21,45,0,None,E15,C1B,5.128415700000E4,None,None
2025-01-07,14,21,45,0,None,E21,C1B,5.128486800000E4,None,None
2025-01-07,14,21,45,0,None,E27,C1B,5.128738500000E4,None,None
2025-01-07,14,21,46,0,None,E04,C1B,5.137903400000E4,None,None
2025-01-07,14,21,46,0,None,E13,C1B,5.137695300000E4,None,None
2025-01-07,14,21,46,0,None,E15,C1B,5.137633300000E4,None,None
2025-01-07,14,21,46,0,None,E21,C1B,5.137050900000E4,None,None
2025-01-07,14,21,46,0,None,E27,C1B,5.137298400000E4,None,None
2025-01-07,14,21,47,0,None,E04,C1B,5.146617800000E4,None,None
2025-01-07,14,21,47,0,None,E13,C1B,5.146426400000E4,None,None
2025-01-07,14,21,47,0,None,E15,C1B,5.146028400000E4,None,None
2025-01-07,14,21,47,0,None,E21,C1B,5.146382100000E4,None,None
2025-01-07,14,21,47,0,None,E27,C1B,5.146296100000E4,None,None
2025-01-07,14,21,48,0,None,E04,C1B,5.155658500000E4,None,None
2025-01-07,14,21,48,0,None,E13,C1B,5.155246200000E4,None,None
2025-01-07,14,21,48,0,None,E15,C1B,5.155045500000E4,None,None
2025-01-07,14,21,48,0,None,E21,C1B,5.155375000000E4,None,None
2025-01-07,14,21,48,0,None,E27,C1B,5.155289600000E4,None,None
2025-01-07,14,21,49,0,None,E04,C1B,5.164697500000E4,None,None
2025-01-07,14,21,49,0,None,E13,C1B,5.163775100000E4,None,None
2025-01-07,14,21,49,0,None,E15,C1B,5.163871000000E4,None,None
2025-01-07,14,21,49,0,None,E21,C1B,5.164227700000E4,None,None
2025-01-07,14,21,49,0,None,E27,C1B,5.164735300000E4,None,None
2025-01-07,14,21,50,0,None,E04,C1B,5.173051100000E4,None,None
2025-01-07,14,21,50,0,None,E13,C1B,5.172834000000E4,None,None
2025-01-07,14,21,50,0,None,E15,C1B,5.172765800000E4,None,None
2025-01-07,14,21,50,0,None,E21,C1B,5.173195000000E4,None,None
2025-01-07,14,21,50,0,None,E27,C1B,5.173282000000E4,None,None
2025-01-07,14,21,51,0,None,E04,C1B,5.182349900000E4,None,None
2025-01-07,14,21,51,0,None,E13,C1B,5.182074200000E4,None,None
2025-01-07,14,21,51,0,None,E15,C1B,5.181884100000E4,None,None
2025-01-07,14,21,51,0,None,E21,C1B,5.182313300000E4,None,None
2025-01-07,14,21,51,0,None,E27,C1B,5.181992800000E4,None,None
2025-01-07,14,21,52,0,None,E04,C1B,5.191528300000E4,None,None
2025-01-07,14,21,52,0,None,E13,C1B,5.190659100000E4,None,None
2025-01-07,14,21,52,0,None,E15,C1B,5.190599100000E4,None,None
2025-01-07,14,21,52,0,None,E21,C1B,5.190945100000E4,None,None
2025-01-07,14,21,52,0,None,E27,C1B,5.191093900000E4,None,None
2025-01-07,14,21,53,0,None,E04,C1B,5.200222900000E4,None,None
2025-01-07,14,21,53,0,None,E13,C1B,5.200246500000E4,None,None
2025-01-07,14,21,53,0,None,E15,C1B,5.199963800000E4,None,None
2025-01-07,14,21,53,0,None,E21,C1B,5.200084100000E4,None,None
2025-01-07,14,21,53,0,None,E27,C1B,5.199585500000E4,None,None
2025-01-07,14,21,54,0,None,E04,C1B,5.208812700000E4,None,None
2025-01-07,14,21,54,0,None,E13,C1B,5.208649600000E4,None,None
2025-01-07,14,21,54,0,None,E15,C1B,5.209052500000E4,None,None
2025-01-07,14,21,54,0,None,E21,C1B,5.208946900000E4,None,None
2025-01-07,14,21,54,0,None,E27,C1B,5.208974300000E4,None,None
2025-01-07,14,21,55,0,None,E04,C1B,5.218354200000E4,None,None
2025-01-07,14,21,55,0,None,E13,C1B,5.217882000000E4,None,None
2025-01-07,14,21,55,0,None,E15,C1B,5.217726500000E4,None,None
2025-01-07,14,21,55,0,None,E21,C1B,5.217687500000E4,None,None
2025-01-07,14,21,55,0,None,E27,C1B,5.217800300000E4,None,None
2025-01-07,14,21,56,0,None,E04,C1B,5.226828800000E4,None,None
2025-01-07,14,21,56,0,None,E13,C1B,5.226738000000E4,None,None
2025-01-07,14,21,56,0,None,E15,C1B,5.226291300000E4,None,None
2025-01-07,14,21,56,0,None,E21,C1B,5.226667700000E4,None,None
2025-01-07,14,21,56,0,None,E27,C1B,5.226754200000E4,None,None
2025-01-07,14,21,57,0,None,E04,C1B,5.236057800000E4,None,None
2025-01-07,14,21,57,0,None,E13,C1B,5.235646200000E4,None,None
2025-01-07,14,21,57,0,None,E15,C1B,5.235824100000E4,None,None
2025-01-07,14,21,57,0,None,E21,C1B,5.235805700000E4,None,None
2025-01-07,14,21,57,0,None,E27,C1B,5.235561200000E4,None,None
2025-01-07,14,21,58,0,None,E04,C1B,5.244880900000E4,None,None
2025-01-07,14,21,58,0,None,E13,C1B,5.244348500000E4,None,None
2025-01-07,14,21,58,0,None,E15,C1B,5.244387400000E4,None,None
2025-01-07,14,21,58,0,None,E21,C1B,5.244564900000E4,None,None
2025-01-07,14,21,58,0,None,E27,C1B,5.244301900000E4,None,None
2025-01-07,14,21,59,0,None,E04,C1B,5.253713300000E4,None,None
2025-01-07,14,21,59,0,None,E13,C1B,5.253622100000E4,None,None
2025-01-07,14,21,59,0,None,E15,C1B,5.253617300000E4,None,None
2025-01-07,14,21,59,0,None,E21,C1B,5.253564400000E4,None,None
2025-01-07,14,21,59,0,None,E27,C1B,5.253176000000E4,None,None
