2025-01-07,14,18,07,0,None,G25,C1C,5.630000000000E-1,None,None
2025-01-07,14,18,07,0,None,G28,C1C,1.787000000000E0,None,None
2025-01-07,14,18,07,0,None,G31,C1C,-2.466000000000E0,None,None
2025-01-07,14,18,07,0,None,G32,C1C,3.064000000000E0,None,None
2025-01-07,14,18,08,0,None,G25,C1C,5.450000000000E-1,None,None
2025-01-07,14,18,08,0,None,G28,C1C,3.762000000000E0,None,None
2025-01-07,14,18,08,0,None,G31,C1C,-8.318000000000E0,None,None
2025-01-07,14,18,08,0,None,G32,C1C,4.730000000000E-1,None,None
2025-01-07,14,18,09,0,None,G25,C1C,5.990000000000E-1,None,None
2025-01-07,14,18,09,0,None,G28,C1C,2.019000000000E0,None,None
2025-01-07,14,18,09,0,None,G31,C1C,-4.440000000000E0,None,None
2025-01-07,14,18,09,0,None,G32,C1C,1.126000000000E0,None,None
2025-01-07,14,18,10,0,None,G25,C1C,4.709000000000E0,None,None
2025-01-07,14,18,10,0,None,G28,C1C,-5.360000000000E-1,None,None
2025-01-07,14,18,10,0,None,G31,C1C,2.948000000000E0,None,None
2025-01-07,14,18,10,0,None,G32,C1C,5.799000000000E0,None,None
2025-01-07,14,18,11,0,None,G25,C1C,-1.340000000000E0,None,None
2025-01-07,14,18,11,0,None,G28,C1C,4.235000000000E0,None,None
2025-01-07,14,18,11,0,None,G31,C1C,1.085500000000E1,None,None
2025-01-07,14,18,11,0,None,G32,C1C,7.496000000000E0,None,None
2025-01-07,14,18,12,0,None,G25,C1C,2.950000000000E-1,None,None
2025-01-07,14,18,12,0,None,G28,C1C,3.315000000000E0,None,None
2025-01-07,14,18,12,0,None,G31,C1C,2.842000000000E0,None,None
2025-01-07,14,18,12,0,None,G32,C1C,4.976000000000E0,None,None
2025-01-07,14,18,13,0,None,G25,C1C,1.689000000000E0,None,None
2025-01-07,14,18,13,0,None,G28,C1C,4.503000000000E0,None,None
2025-01-07,14,18,13,0,None,G31,C1C,3.984000000000E0,None,None
2025-01-07,14,18,13,0,None,G32,C1C,1.501000000000E0,None,None
2025-01-07,14,18,14,0,None,G25,C1C,4.977000000000E0,None,None
2025-01-07,14,18,14,0,None,G28,C1C,5.720000000000E-1,None,None
2025-01-07,14,18,14,0,None,G31,C1C,2.288000000000E0,None,None
2025-01-07,14,18,14,0,None,G32,C1C,3.163000000000E0,None,None
2025-01-07,14,18,15,0,None,G25,C1C,4.485000000000E0,None,None
2025-01-07,14,18,15,0,None,G28,C1C,1.546000000000E0,None,None
2025-01-07,14,18,15,0,None,G31,C1C,3.931000000000E0,None,None
2025-01-07,14,18,15,0,None,G32,C1C,7.060000000000E-1,None,None
2025-01-07,14,18,16,0,None,G25,C1C,5.396000000000E0,None,None
2025-01-07,14,18,16,0,None,G28,C1C,4.878000000000E0,None,None
2025-01-07,14,18,16,0,None,G31,C1C,-7.165000000000E0,None,None
2025-01-07,14,18,16,0,None,G32,C1C,4.986000000000E0,None,None
2025-01-07,14,18,17,0,None,G25,C1C,6.880000000000E-1,None,None
2025-01-07,14,18,17,0,None,G28,C1C,6.486000000000E0,None,None
2025-01-07,14,18,17,0,None,G31,C1C,2.564000000000E0,None,None
2025-01-07,14,18,17,0,None,G32,C1C,6.520000000000E-1,None,None
2025-01-07,14,18,18,0,None,G25,C1C,1.367000000000E0,None,None
2025-01-07,14,18,18,0,None,G28,C1C,1.070000000000E-1,None,None
2025-01-07,14,18,18,0,None,G29,C1C,-1.501000000000E0,None,None
2025-01-07,14,18,18,0,None,G31,C1C,3.663000000000E0,None,None
2025-01-07,14,18,18,0,None,G32,C1C,-1.070000000000E-1,None,None
2025-01-07,14,18,19,0,None,G25,C1C,4.556000000000E0,None,None
2025-01-07,14,18,19,0,None,G28,C1C,3.040000000000E-1,None,None
2025-01-07,14,18,19,0,None,G29,C1C,1.144000000000E0,None,None
2025-01-07,14,18,19,0,None,G31,C1C,-3.726000000000E0,None,None
2025-01-07,14,18,19,0,None,G32,C1C,4.423000000000E0,None,None
2025-01-07,14,18,20,0,None,G25,C1C,-1.287000000000E0,None,None
2025-01-07,14,18,20,0,None,G28,C1C,2.242000000000E0,None,None
2025-01-07,14,18,20,0,None,G29,C1C,1.948000000000E0,None,None
2025-01-07,14,18,20,0,None,G31,C1C,3.842000000000E0,None,None
2025-01-07,14,18,20,0,None,G32,C1C,7.031000000000E0,None,None
2025-01-07,14,18,21,0,None,G25,C1C,7.320000000000E-1,None,None
2025-01-07,14,18,21,0,None,G28,C1C,1.724000000000E0,None,None
2025-01-07,14,18,21,0,None,G29,C1C,1.501000000000E0,None,None
2025-01-07,14,18,21,0,None,G31,C1C,-1.430000000000E-1,None,None
2025-01-07,14,18,21,0,None,G32,C1C,-5.602000000000E0,None,None
2025-01-07,14,18,22,0,None,G25,C1C,-1.010000000000E0,None,None
2025-01-07,14,18,22,0,None,G28,C1C,3.708000000000E0,None,None
2025-01-07,14,18,22,0,None,G29,C1C,-8.000000000000E-2,None,None
2025-01-07,14,18,22,0,None,G31,C1C,6.022000000000E0,None,None
2025-01-07,14,18,22,0,None,G32,C1C,4.744000000000E0,None,None
2025-01-07,14,18,23,0,None,G25,C1C,3.130000000000E-1,None,None
2025-01-07,14,18,23,0,None,G28,C1C,6.272000000000E0,None,None
2025-01-07,14,18,23,0,None,G29,C1C,1.215000000000E0,None,None
2025-01-07,14,18,23,0,None,G31,C1C,-4.128000000000E0,None,None
2025-01-07,14,18,23,0,None,G32,C1C,3.323000000000E0,None,None
2025-01-07,14,18,24,0,None,G25,C1C,3.779000000000E0,None,None
2025-01-07,14,18,24,0,None,G28,C1C,1.376000000000E0,None,None
2025-01-07,14,18,24,0,None,G29,C1C,2.886000000000E0,None,None
2025-01-07,14,18,24,0,None,G31,C1C,-4.548000000000E0,None,None
2025-01-07,14,18,24,0,None,G32,C1C,-6.906000000000E0,None,None
2025-01-07,14,18,25,0,None,G25,C1C,1.171000000000E0,None,None
2025-01-07,14,18,25,0,None,G28,C1C,2.591000000000E0,None,None
2025-01-07,14,18,25,0,None,G29,C1C,3.600000000000E-2,None,None
2025-01-07,14,18,25,0,None,G31,C1C,-2.278000000000E0,None,None
2025-01-07,14,18,25,0,None,G32,C1C,-1.840000000000E0,None,None
2025-01-07,14,18,26,0,None,G25,C1C,-9.200000000000E-1,None,None
2025-01-07,14,18,26,0,None,G28,C1C,2.555000000000E0,None,None
2025-01-07,14,18,26,0,None,G29,C1C,6.746000000000E0,None,None
2025-01-07,14,18,26,0,None,G31,C1C,-6.469000000000E0,None,None
2025-01-07,14,18,26,0,None,G32,C1C,-3.252000000000E0,None,None
2025-01-07,14,18,27,0,None,G25,C1C,9.380000000000E-1,None,None
2025-01-07,14,18,27,0,None,G28,C1C,1.054000000000E0,None,None
2025-01-07,14,18,27,0,None,G29,C1C,3.440000000000E0,None,None
2025-01-07,14,18,27,0,None,G31,C1C,4.163000000000E0,None,None
2025-01-07,14,18,27,0,None,G32,C1C,-2.215000000000E0,None,None
2025-01-07,14,18,28,0,None,G25,C1C,2.904000000000E0,None,None
2025-01-07,14,18,28,0,None,G28,C1C,-1.170000000000E-1,None,None
2025-01-07,14,18,28,0,None,G29,C1C,8.130000000000E-1,None,None
2025-01-07,14,18,28,0,None,G31,C1C,-2.502000000000E0,None,None
2025-01-07,14,18,28,0,None,G32,C1C,2.386000000000E0,None,None
2025-01-07,14,18,29,0,None,G25,C1C,3.583000000000E0,None,None
2025-01-07,14,18,29,0,None,G28,C1C,1.430000000000E-1,None,None
2025-01-07,14,18,29,0,None,G29,C1C,4.511000000000E0,None,None
2025-01-07,14,18,29,0,None,G31,C1C,2.689000000000E0,None,None
2025-01-07,14,18,29,0,None,G32,C1C,-4.413000000000E0,None,None
2025-01-07,14,18,30,0,None,G25,C1C,2.502000000000E0,None,None
2025-01-07,14,18,30,0,None,G28,C1C,6.852000000000E0,None,None
2025-01-07,14,18,30,0,None,G29,C1C,3.475000000000E0,None,None
2025-01-07,14,18,30,0,None,G31,C1C,1.975000000000E0,None,None
2025-01-07,14,18,30,0,None,G32,C1C,4.798000000000E0,None,None
2025-01-07,14,18,31,0,None,G25,C1C,3.310000000000E-1,None,None
2025-01-07,14,18,31,0,None,G28,C1C,-8.750000000000E-1,None,None
2025-01-07,14,18,31,0,None,G29,C1C,5.129000000000E0,None,None
2025-01-07,14,18,31,0,None,G31,C1C,1.787000000000E0,None,None
2025-01-07,14,18,31,0,None,G32,C1C,1.662000000000E0,None,None
2025-01-07,14,18,32,0,None,G25,C1C,1.305000000000E0,None,None
2025-01-07,14,18,32,0,None,G28,C1C,1.527000000000E0,None,None
2025-01-07,14,18,32,0,None,G29,C1C,-1.233000000000E0,None,None
2025-01-07,14,18,32,0,None,G31,C1C,1.840000000000E0,None,None
2025-01-07,14,18,32,0,None,G32,C1C,1.769000000000E0,None,None
2025-01-07,14,18,33,0,None,G25,C1C,-4.290000000000E-1,None,None
2025-01-07,14,18,33,0,None,G28,C1C,-6.200000000000E-2,None,None
2025-01-07,14,18,33,0,None,G29,C1C,4.896000000000E0,None,None
2025-01-07,14,18,33,0,None,G31,C1C,3.110000000000E0,None,None
2025-01-07,14,18,33,0,None,G32,C1C,6.076000000000E0,None,None
2025-01-07,14,18,34,0,None,G25,C1C,4.467000000000E0,None,None
2025-01-07,14,18,34,0,None,G28,C1C,1.679000000000E0,None,None
2025-01-07,14,18,34,0,None,G29,C1C,-1.957000000000E0,None,None
2025-01-07,14,18,34,0,None,G31,C1C,1.098100000000E1,None,None
2025-01-07,14,18,34,0,None,G32,C1C,5.906000000000E0,None,None
2025-01-07,14,18,35,0,None,G25,C1C,-1.921000000000E0,None,None
2025-01-07,14,18,35,0,None,G28,C1C,1.367000000000E0,None,None
2025-01-07,14,18,35,0,None,G29,C1C,-1.610000000000E-1,None,None
2025-01-07,14,18,35,0,None,G31,C1C,1.054000000000E0,None,None
2025-01-07,14,18,35,0,None,G32,C1C,-1.886000000000E0,None,None
2025-01-07,14,18,36,0,None,G25,C1C,1.609000000000E0,None,None
2025-01-07,14,18,36,0,None,G28,C1C,4.270000000000E0,None,None
2025-01-07,14,18,36,0,None,G29,C1C,1.394000000000E0,None,None
2025-01-07,14,18,36,0,None,G31,C1C,-4.252000000000E0,None,None
2025-01-07,14,18,36,0,None,G32,C1C,-1.465000000000E0,None,None
2025-01-07,14,18,37,0,None,G25,C1C,-5.000000000000E-1,None,None
2025-01-07,14,18,37,0,None,G28,C1C,-3.300000000000E-1,None,None
2025-01-07,14,18,37,0,None,G29,C1C,2.519000000000E0,None,None
2025-01-07,14,18,37,0,None,G31,C1C,-7.050000000000E0,None,None
2025-01-07,14,18,37,0,None,G32,C1C,5.879000000000E0,None,None
2025-01-07,14,18,38,0,None,G25,C1C,2.466000000000E0,None,None
2025-01-07,14,18,38,0,None,G28,C1C,6.566000000000E0,None,None
2025-01-07,14,18,38,0,None,G29,C1C,2.225000000000E0,None,None
2025-01-07,14,18,38,0,None,G31,C1C,4.914000000000E0,None,None
2025-01-07,14,18,38,0,None,G32,C1C,4.592000000000E0,None,None
2025-01-07,14,18,39,0,None,G25,C1C,2.700000000000E-2,None,None
2025-01-07,14,18,39,0,None,G28,C1C,1.590000000000E0,None,None
2025-01-07,14,18,39,0,None,G29,C1C,-2.296000000000E0,None,None
2025-01-07,14,18,39,0,None,G31,C1C,5.218000000000E0,None,None
2025-01-07,14,18,39,0,None,G32,C1C,2.671000000000E0,None,None
2025-01-07,14,18,40,0,None,G25,C1C,2.279000000000E0,None,None
2025-01-07,14,18,40,0,None,G28,C1C,7.729000000000E0,None,None
2025-01-07,14,18,40,0,None,G29,C1C,2.717000000000E0,None,None
2025-01-07,14,18,40,0,None,G31,C1C,1.099000000000E0,None,None
2025-01-07,14,18,40,0,None,G32,C1C,6.808000000000E0,None,None
2025-01-07,14,18,41,0,None,G25,C1C,1.125000000000E0,None,None
2025-01-07,14,18,41,0,None,G28,C1C,4.110000000000E-1,None,None
2025-01-07,14,18,41,0,None,G29,C1C,2.279000000000E0,None,None
2025-01-07,14,18,41,0,None,G31,C1C,7.139000000000E0,None,None
2025-01-07,14,18,41,0,None,G32,C1C,7.230000000000E-1,None,None
2025-01-07,14,18,42,0,None,G25,C1C,4.914000000000E0,None,None
2025-01-07,14,18,42,0,None,G28,C1C,-2.564000000000E0,None,None
2025-01-07,14,18,42,0,None,G29,C1C,2.440000000000E0,None,None
2025-01-07,14,18,42,0,None,G31,C1C,6.406000000000E0,None,None
2025-01-07,14,18,42,0,None,G32,C1C,6.486000000000E0,None,None
2025-01-07,14,18,43,0,None,G25,C1C,1.474000000000E0,None,None
2025-01-07,14,18,43,0,None,G28,C1C,-1.743000000000E0,None,None
2025-01-07,14,18,43,0,None,G29,C1C,3.770000000000E0,None,None
2025-01-07,14,18,43,0,None,G31,C1C,-1.671000000000E0,None,None
2025-01-07,14,18,43,0,None,G32,C1C,-4.226000000000E0,None,None
2025-01-07,14,18,44,0,None,G25,C1C,2.528000000000E0,None,None
2025-01-07,14,18,44,0,None,G28,C1C,-4.730000000000E-1,None,None
2025-01-07,14,18,44,0,None,G29,C1C,2.350000000000E0,None,None
2025-01-07,14,18,44,0,None,G31,C1C,1.689000000000E0,None,None
2025-01-07,14,18,44,0,None,G32,C1C,-5.343000000000E0,None,None
2025-01-07,14,18,45,0,None,G25,C1C,2.546000000000E0,None,None
2025-01-07,14,18,45,0,None,G28,C1C,-5.270000000000E-1,None,None
2025-01-07,14,18,45,0,None,G29,C1C,-9.030000000000E-1,None,None
2025-01-07,14,18,45,0,None,G31,C1C,6.450000000000E0,None,None
2025-01-07,14,18,45,0,None,G32,C1C,-7.590000000000E-1,None,None
2025-01-07,14,18,46,0,None,G25,C1C,1.554000000000E0,None,None
2025-01-07,14,18,46,0,None,G28,C1C,-5.191000000000E0,None,None
2025-01-07,14,18,46,0,None,G29,C1C,1.376000000000E0,None,None
2025-01-07,14,18,46,0,None,G31,C1C,3.225000000000E0,None,None
2025-01-07,14,18,46,0,None,G32,C1C,3.717000000000E0,None,None
2025-01-07,14,18,47,0,None,G25,C1C,-4.020000000000E-1,None,None
2025-01-07,14,18,47,0,None,G28,C1C,-1.028000000000E0,None,None
2025-01-07,14,18,47,0,None,G29,C1C,4.092000000000E0,None,None
2025-01-07,14,18,47,0,None,G31,C1C,-1.126000000000E0,None,None
2025-01-07,14,18,47,0,None,G32,C1C,4.521000000000E0,None,None
2025-01-07,14,18,48,0,None,G25,C1C,-1.260000000000E0,None,None
2025-01-07,14,18,48,0,None,G28,C1C,-2.984000000000E0,None,None
2025-01-07,14,18,48,0,None,G29,C1C,4.583000000000E0,None,None
2025-01-07,14,18,48,0,None,G31,C1C,6.960000000000E0,None,None
2025-01-07,14,18,48,0,None,G32,C1C,1.948000000000E0,None,None
2025-01-07,14,18,49,0,None,G25,C1C,1.376000000000E0,None,None
2025-01-07,14,18,49,0,None,G28,C1C,1.090000000000E0,None,None
2025-01-07,14,18,49,0,None,G29,C1C,-1.250000000000E-1,None,None
2025-01-07,14,18,49,0,None,G31,C1C,1.581000000000E0,None,None
2025-01-07,14,18,49,0,None,G32,C1C,2.734000000000E0,None,None
2025-01-07,14,18,50,0,None,G25,C1C,3.217000000000E0,None,None
2025-01-07,14,18,50,0,None,G28,C1C,2.841000000000E0,None,None
2025-01-07,14,18,50,0,None,G29,C1C,2.662000000000E0,None,None
2025-01-07,14,18,50,0,None,G31,C1C,6.343000000000E0,None,None
2025-01-07,14,18,50,0,None,G32,C1C,-5.414000000000E0,None,None
2025-01-07,14,18,51,0,None,G25,C1C,-4.290000000000E-1,None,None
2025-01-07,14,18,51,0,None,G28,C1C,-3.670000000000E-1,None,None
2025-01-07,14,18,51,0,None,G29,C1C,-7.680000000000E-1,None,None
2025-01-07,14,18,51,0,None,G31,C1C,9.239000000000E0,None,None
2025-01-07,14,18,51,0,None,G32,C1C,8.434000000000E0,None,None
2025-01-07,14,18,52,0,None,G25,C1C,-4.470000000000E-1,None,None
2025-01-07,14,18,52,0,None,G28,C1C,3.207000000000E0,None,None
2025-01-07,14,18,52,0,None,G29,C1C,-8.750000000000E-1,None,None
2025-01-07,14,18,52,0,None,G31,C1C,-1.233000000000E0,None,None
2025-01-07,14,18,52,0,None,G32,C1C,2.189000000000E0,None,None
2025-01-07,14,18,53,0,None,G25,C1C,5.879000000000E0,None,None
2025-01-07,14,18,53,0,None,G28,C1C,-1.116000000000E0,None,None
2025-01-07,14,18,53,0,None,G29,C1C,3.046000000000E0,None,None
2025-01-07,14,18,53,0,None,G31,C1C,2.769000000000E0,None,None
2025-01-07,14,18,53,0,None,G32,C1C,4.986000000000E0,None,None
2025-01-07,14,18,54,0,None,G25,C1C,2.412000000000E0,None,None
2025-01-07,14,18,54,0,None,G28,C1C,8.040000000000E-1,None,None
2025-01-07,14,18,54,0,None,G29,C1C,2.215000000000E0,None,None
2025-01-07,14,18,54,0,None,G31,C1C,-1.724000000000E0,None,None
2025-01-07,14,18,54,0,None,G32,C1C,-1.456000000000E0,None,None
2025-01-07,14,18,55,0,None,G25,C1C,6.772000000000E0,None,None
2025-01-07,14,18,55,0,None,G28,C1C,5.450000000000E-1,None,None
2025-01-07,14,18,55,0,None,G29,C1C,1.591000000000E0,None,None
2025-01-07,14,18,55,0,None,G31,C1C,4.646000000000E0,None,None
2025-01-07,14,18,55,0,None,G32,C1C,6.970000000000E-1,None,None
2025-01-07,14,18,56,0,None,G25,C1C,3.341000000000E0,None,None
2025-01-07,14,18,56,0,None,G28,C1C,1.090000000000E0,None,None
2025-01-07,14,18,56,0,None,G29,C1C,1.161000000000E0,None,None
2025-01-07,14,18,56,0,None,G31,C1C,4.244000000000E0,None,None
2025-01-07,14,18,56,0,None,G32,C1C,-7.600000000000E-1,None,None
2025-01-07,14,18,57,0,None,G25,C1C,2.501000000000E0,None,None
2025-01-07,14,18,57,0,None,G28,C1C,5.270000000000E-1,None,None
2025-01-07,14,18,57,0,None,G29,C1C,2.305000000000E0,None,None
2025-01-07,14,18,57,0,None,G31,C1C,1.011300000000E1,None,None
2025-01-07,14,18,57,0,None,G32,C1C,1.079300000000E1,None,None
2025-01-07,14,18,58,0,None,G25,C1C,1.456000000000E0,None,None
2025-01-07,14,18,58,0,None,G28,C1C,2.841000000000E0,None,None
2025-01-07,14,18,58,0,None,G29,C1C,1.313000000000E0,None,None
2025-01-07,14,18,58,0,None,G31,C1C,6.406000000000E0,None,None
2025-01-07,14,18,58,0,None,G32,C1C,4.470000000000E-1,None,None
2025-01-07,14,18,59,0,None,G25,C1C,1.823000000000E0,None,None
2025-01-07,14,18,59,0,None,G28,C1C,2.359000000000E0,None,None
2025-01-07,14,18,59,0,None,G29,C1C,-1.018000000000E0,None,None
2025-01-07,14,18,59,0,None,G31,C1C,6.700000000000E-1,None,None
2025-01-07,14,18,59,0,None,G32,C1C,6.200000000000E-2,None,None
2025-01-07,14,19,00,0,None,G25,C1C,1.626000000000E0,None,None
2025-01-07,14,19,00,0,None,G28,C1C,6.424000000000E0,None,None
2025-01-07,14,19,00,0,None,G29,C1C,2.868000000000E0,None,None
2025-01-07,14,19,00,0,None,G31,C1C,2.680000000000E0,None,None
2025-01-07,14,19,00,0,None,G32,C1C,1.412000000000E0,None,None
2025-01-07,14,19,01,0,None,G25,C1C,1.492000000000E0,None,None
2025-01-07,14,19,01,0,None,G28,C1C,4.244000000000E0,None,None
2025-01-07,14,19,01,0,None,G29,C1C,2.072000000000E0,None,None
2025-01-07,14,19,01,0,None,G31,C1C,-7.200000000000E-2,None,None
2025-01-07,14,19,01,0,None,G32,C1C,3.511000000000E0,None,None
2025-01-07,14,19,02,0,None,G25,C1C,2.608000000000E0,None,None
2025-01-07,14,19,02,0,None,G28,C1C,-1.090000000000E0,None,None
2025-01-07,14,19,02,0,None,G29,C1C,1.179000000000E0,None,None
2025-01-07,14,19,02,0,None,G31,C1C,-3.480000000000E-1,None,None
2025-01-07,14,19,02,0,None,G32,C1C,-2.590000000000E-1,None,None
2025-01-07,14,19,03,0,None,G25,C1C,-1.206000000000E0,None,None
2025-01-07,14,19,03,0,None,G28,C1C,2.975000000000E0,None,None
2025-01-07,14,19,03,0,None,G29,C1C,-4.200000000000E-1,None,None
2025-01-07,14,19,03,0,None,G31,C1C,-2.150000000000E-1,None,None
2025-01-07,14,19,03,0,None,G32,C1C,7.780000000000E-1,None,None
2025-01-07,14,19,04,0,None,G25,C1C,-1.403000000000E0,None,None
2025-01-07,14,19,04,0,None,G28,C1C,4.950000000000E0,None,None
2025-01-07,14,19,04,0,None,G29,C1C,2.243000000000E0,None,None
2025-01-07,14,19,04,0,None,G31,C1C,1.554000000000E0,None,None
2025-01-07,14,19,04,0,None,G32,C1C,1.501000000000E0,None,None
2025-01-07,14,19,05,0,None,G25,C1C,-1.715000000000E0,None,None
2025-01-07,14,19,05,0,None,G28,C1C,4.360000000000E0,None,None
2025-01-07,14,19,05,0,None,G29,C1C,2.197000000000E0,None,None
2025-01-07,14,19,05,0,None,G31,C1C,1.438000000000E0,None,None
2025-01-07,14,19,05,0,None,G32,C1C,8.176000000000E0,None,None
2025-01-07,14,19,06,0,None,G25,C1C,-1.880000000000E-1,None,None
2025-01-07,14,19,06,0,None,G28,C1C,9.020000000000E-1,None,None
2025-01-07,14,19,06,0,None,G29,C1C,-1.028000000000E0,None,None
2025-01-07,14,19,06,0,None,G31,C1C,3.993000000000E0,None,None
2025-01-07,14,19,06,0,None,G32,C1C,-7.060000000000E-1,None,None
2025-01-07,14,19,07,0,None,G25,C1C,1.581000000000E0,None,None
2025-01-07,14,19,07,0,None,G28,C1C,6.790000000000E-1,None,None
2025-01-07,14,19,07,0,None,G29,C1C,2.993000000000E0,None,None
2025-01-07,14,19,07,0,None,G31,C1C,-8.040000000000E-1,None,None
2025-01-07,14,19,07,0,None,G32,C1C,8.059000000000E0,None,None
2025-01-07,14,19,08,0,None,G25,C1C,4.369000000000E0,None,None
2025-01-07,14,19,08,0,None,G28,C1C,2.261000000000E0,None,None
2025-01-07,14,19,08,0,None,G29,C1C,1.483000000000E0,None,None
2025-01-07,14,19,08,0,None,G31,C1C,-2.153000000000E0,None,None
2025-01-07,14,19,08,0,None,G32,C1C,3.226000000000E0,None,None
2025-01-07,14,19,09,0,None,G25,C1C,2.090000000000E0,None,None
2025-01-07,14,19,09,0,None,G28,C1C,2.118000000000E0,None,None
2025-01-07,14,19,09,0,None,G29,C1C,-5.990000000000E-1,None,None
2025-01-07,14,19,09,0,None,G31,C1C,2.073000000000E0,None,None
2025-01-07,14,19,09,0,None,G32,C1C,5.432000000000E0,None,None
2025-01-07,14,19,10,0,None,G25,C1C,5.271000000000E0,None,None
2025-01-07,14,19,10,0,None,G28,C1C,3.663000000000E0,None,None
2025-01-07,14,19,10,0,None,G29,C1C,-4.920000000000E-1,None,None
2025-01-07,14,19,10,0,None,G31,C1C,1.367000000000E0,None,None
2025-01-07,14,19,10,0,None,G32,C1C,1.814000000000E0,None,None
2025-01-07,14,19,11,0,None,G25,C1C,-1.700000000000E-1,None,None
2025-01-07,14,19,11,0,None,G28,C1C,-3.190000000000E0,None,None
2025-01-07,14,19,11,0,None,G29,C1C,1.331000000000E0,None,None
2025-01-07,14,19,11,0,None,G31,C1C,-1.251000000000E0,None,None
2025-01-07,14,19,11,0,None,G32,C1C,2.260000000000E0,None,None
2025-01-07,14,19,12,0,None,G25,C1C,-2.189000000000E0,None,None
2025-01-07,14,19,12,0,None,G28,C1C,6.040000000000E0,None,None
2025-01-07,14,19,12,0,None,G29,C1C,6.138000000000E0,None,None
2025-01-07,14,19,12,0,None,G31,C1C,4.548000000000E0,None,None
2025-01-07,14,19,12,0,None,G32,C1C,2.046000000000E0,None,None
2025-01-07,14,19,13,0,None,G25,C1C,3.118000000000E0,None,None
2025-01-07,14,19,13,0,None,G28,C1C,-1.700000000000E-2,None,None
2025-01-07,14,19,13,0,None,G29,C1C,1.608000000000E0,None,None
2025-01-07,14,19,13,0,None,G31,C1C,-1.787000000000E0,None,None
2025-01-07,14,19,13,0,None,G32,C1C,9.000000000000E-3,None,None
2025-01-07,14,19,14,0,None,G25,C1C,5.352000000000E0,None,None
2025-01-07,14,19,14,0,None,G28,C1C,1.930000000000E0,None,None
2025-01-07,14,19,14,0,None,G29,C1C,2.725000000000E0,None,None
2025-01-07,14,19,14,0,None,G31,C1C,-1.751000000000E0,None,None
2025-01-07,14,19,14,0,None,G32,C1C,1.117000000000E0,None,None
2025-01-07,14,19,15,0,None,G25,C1C,1.796000000000E0,None,None
2025-01-07,14,19,15,0,None,G28,C1C,1.063200000000E1,None,None
2025-01-07,14,19,15,0,None,G29,C1C,2.305000000000E0,None,None
2025-01-07,14,19,15,0,None,G31,C1C,4.628000000000E0,None,None
2025-01-07,14,19,15,0,None,G32,C1C,-2.591000000000E0,None,None
2025-01-07,14,19,16,0,None,G25,C1C,5.924000000000E0,None,None
2025-01-07,14,19,16,0,None,G28,C1C,-1.975000000000E0,None,None
2025-01-07,14,19,16,0,None,G29,C1C,-2.082000000000E0,None,None
2025-01-07,14,19,16,0,None,G31,C1C,1.617000000000E0,None,None
2025-01-07,14,19,16,0,None,G32,C1C,-1.689000000000E0,None,None
2025-01-07,14,19,17,0,None,G25,C1C,3.047000000000E0,None,None
2025-01-07,14,19,17,0,None,G28,C1C,4.628000000000E0,None,None
2025-01-07,14,19,17,0,None,G29,C1C,5.360000000000E-1,None,None
2025-01-07,14,19,17,0,None,G31,C1C,2.725000000000E0,None,None
2025-01-07,14,19,17,0,None,G32,C1C,5.896000000000E0,None,None
2025-01-07,14,19,18,0,None,G25,C1C,-3.091000000000E0,None,None
2025-01-07,14,19,18,0,None,G28,C1C,3.386000000000E0,None,None
2025-01-07,14,19,18,0,None,G29,C1C,4.110000000000E-1,None,None
2025-01-07,14,19,18,0,None,G31,C1C,4.290000000000E-1,None,None
2025-01-07,14,19,18,0,None,G32,C1C,-6.459000000000E0,None,None
2025-01-07,14,19,19,0,None,G25,C1C,3.520000000000E0,None,None
2025-01-07,14,19,19,0,None,G28,C1C,7.680000000000E-1,None,None
2025-01-07,14,19,19,0,None,G29,C1C,2.957000000000E0,None,None
2025-01-07,14,19,19,0,None,G31,C1C,-2.386000000000E0,None,None
2025-01-07,14,19,19,0,None,G32,C1C,6.290000000000E0,None,None
2025-01-07,14,19,20,0,None,G25,C1C,2.108000000000E0,None,None
2025-01-07,14,19,20,0,None,G28,C1C,5.370000000000E0,None,None
2025-01-07,14,19,20,0,None,G29,C1C,1.751000000000E0,None,None
2025-01-07,14,19,20,0,None,G31,C1C,-1.733000000000E0,None,None
2025-01-07,14,19,20,0,None,G32,C1C,7.612000000000E0,None,None
2025-01-07,14,19,21,0,None,G25,C1C,-9.560000000000E-1,None,None
2025-01-07,14,19,21,0,None,G28,C1C,4.181000000000E0,None,None
2025-01-07,14,19,21,0,None,G29,C1C,1.849000000000E0,None,None
2025-01-07,14,19,21,0,None,G31,C1C,1.975000000000E0,None,None
2025-01-07,14,19,21,0,None,G32,C1C,5.995000000000E0,None,None
2025-01-07,14,19,22,0,None,G25,C1C,3.038000000000E0,None,None
2025-01-07,14,19,22,0,None,G28,C1C,2.931000000000E0,None,None
2025-01-07,14,19,22,0,None,G29,C1C,7.150000000000E-1,None,None
2025-01-07,14,19,22,0,None,G31,C1C,6.440000000000E-1,None,None
2025-01-07,14,19,22,0,None,G32,C1C,3.636000000000E0,None,None
2025-01-07,14,19,23,0,None,G25,C1C,5.630000000000E-1,None,None
2025-01-07,14,19,23,0,None,G28,C1C,2.430000000000E0,None,None
2025-01-07,14,19,23,0,None,G29,C1C,4.074000000000E0,None,None
2025-01-07,14,19,23,0,None,G31,C1C,2.877000000000E0,None,None
2025-01-07,14,19,23,0,None,G32,C1C,5.736000000000E0,None,None
2025-01-07,14,19,24,0,None,G25,C1C,2.457000000000E0,None,None
2025-01-07,14,19,24,0,None,G28,C1C,2.368000000000E0,None,None
2025-01-07,14,19,24,0,None,G29,C1C,-1.546000000000E0,None,None
2025-01-07,14,19,24,0,None,G31,C1C,2.680000000000E-1,None,None
2025-01-07,14,19,24,0,None,G32,C1C,-5.900000000000E-1,None,None
2025-01-07,14,19,25,0,None,G25,C1C,-5.000000000000E-1,None,None
2025-01-07,14,19,25,0,None,G28,C1C,5.100000000000E-1,None,None
2025-01-07,14,19,25,0,None,G29,C1C,2.939000000000E0,None,None
2025-01-07,14,19,25,0,None,G31,C1C,-7.005000000000E0,None,None
2025-01-07,14,19,25,0,None,G32,C1C,-3.851000000000E0,None,None
2025-01-07,14,19,26,0,None,G25,C1C,2.242000000000E0,None,None
2025-01-07,14,19,26,0,None,G28,C1C,8.040000000000E-1,None,None
2025-01-07,14,19,26,0,None,G29,C1C,2.868000000000E0,None,None
2025-01-07,14,19,26,0,None,G31,C1C,9.194000000000E0,None,None
2025-01-07,14,19,26,0,None,G32,C1C,-2.117000000000E0,None,None
2025-01-07,14,19,27,0,None,G25,C1C,-2.904000000000E0,None,None
2025-01-07,14,19,27,0,None,G28,C1C,3.850000000000E0,None,None
2025-01-07,14,19,27,0,None,G29,C1C,-2.600000000000E-2,None,None
2025-01-07,14,19,27,0,None,G31,C1C,-2.368000000000E0,None,None
2025-01-07,14,19,27,0,None,G32,C1C,6.638000000000E0,None,None
2025-01-07,14,19,28,0,None,G25,C1C,-2.350000000000E0,None,None
2025-01-07,14,19,28,0,None,G28,C1C,-5.300000000000E-2,None,None
2025-01-07,14,19,28,0,None,G29,C1C,2.833000000000E0,None,None
2025-01-07,14,19,28,0,None,G31,C1C,5.173000000000E0,None,None
2025-01-07,14,19,28,0,None,G32,C1C,1.015000000000E1,None,None
2025-01-07,14,19,29,0,None,G25,C1C,4.601000000000E0,None,None
2025-01-07,14,19,29,0,None,G28,C1C,2.060000000000E-1,None,None
2025-01-07,14,19,29,0,None,G29,C1C,1.313000000000E0,None,None
2025-01-07,14,19,29,0,None,G31,C1C,8.300000000000E0,None,None
2025-01-07,14,19,29,0,None,G32,C1C,1.030100000000E1,None,None
2025-01-07,14,19,30,0,None,G25,C1C,2.886000000000E0,None,None
2025-01-07,14,19,30,0,None,G28,C1C,1.546000000000E0,None,None
2025-01-07,14,19,30,0,None,G29,C1C,2.484000000000E0,None,None
2025-01-07,14,19,30,0,None,G31,C1C,8.139000000000E0,None,None
2025-01-07,14,19,30,0,None,G32,C1C,3.940000000000E0,None,None
2025-01-07,14,19,31,0,None,G25,C1C,1.081000000000E0,None,None
2025-01-07,14,19,31,0,None,G28,C1C,-3.422000000000E0,None,None
2025-01-07,14,19,31,0,None,G29,C1C,2.618000000000E0,None,None
2025-01-07,14,19,31,0,None,G31,C1C,5.566000000000E0,None,None
2025-01-07,14,19,31,0,None,G32,C1C,-5.575000000000E0,None,None
2025-01-07,14,19,32,0,None,G25,C1C,6.728000000000E0,None,None
2025-01-07,14,19,32,0,None,G28,C1C,-7.860000000000E-1,None,None
2025-01-07,14,19,32,0,None,G29,C1C,6.790000000000E-1,None,None
2025-01-07,14,19,32,0,None,G31,C1C,-1.519000000000E0,None,None
2025-01-07,14,19,32,0,None,G32,C1C,-4.136000000000E0,None,None
2025-01-07,14,19,33,0,None,G25,C1C,4.172000000000E0,None,None
2025-01-07,14,19,33,0,None,G28,C1C,4.530000000000E0,None,None
2025-01-07,14,19,33,0,None,G29,C1C,3.220000000000E-1,None,None
2025-01-07,14,19,33,0,None,G31,C1C,-9.000000000000E-2,None,None
2025-01-07,14,19,33,0,None,G32,C1C,-6.362000000000E0,None,None
2025-01-07,14,19,34,0,None,G25,C1C,1.063000000000E0,None,None
2025-01-07,14,19,34,0,None,G28,C1C,-1.260000000000E-1,None,None
2025-01-07,14,19,34,0,None,G29,C1C,3.386000000000E0,None,None
2025-01-07,14,19,34,0,None,G31,C1C,2.019000000000E0,None,None
2025-01-07,14,19,34,0,None,G32,C1C,-1.956000000000E0,None,None
2025-01-07,14,19,35,0,None,G25,C1C,5.227000000000E0,None,None
2025-01-07,14,19,35,0,None,G28,C1C,-1.073000000000E0,None,None
2025-01-07,14,19,35,0,None,G29,C1C,2.413000000000E0,None,None
2025-01-07,14,19,35,0,None,G31,C1C,-1.992000000000E0,None,None
2025-01-07,14,19,35,0,None,G32,C1C,5.826000000000E0,None,None
2025-01-07,14,19,36,0,None,G25,C1C,2.760000000000E0,None,None
2025-01-07,14,19,36,0,None,G28,C1C,1.036000000000E0,None,None
2025-01-07,14,19,36,0,None,G29,C1C,2.636000000000E0,None,None
2025-01-07,14,19,36,0,None,G31,C1C,2.886000000000E0,None,None
2025-01-07,14,19,36,0,None,G32,C1C,2.591000000000E0,None,None
2025-01-07,14,19,37,0,None,G25,C1C,-2.700000000000E-2,None,None
2025-01-07,14,19,37,0,None,G28,C1C,2.904000000000E0,None,None
2025-01-07,14,19,37,0,None,G29,C1C,4.910000000000E-1,None,None
2025-01-07,14,19,37,0,None,G31,C1C,2.320000000000E-1,None,None
2025-01-07,14,19,37,0,None,G32,C1C,-3.484000000000E0,None,None
2025-01-07,14,19,38,0,None,G25,C1C,-2.770000000000E-1,None,None
2025-01-07,14,19,38,0,None,G28,C1C,3.574000000000E0,None,None
2025-01-07,14,19,38,0,None,G29,C1C,4.378000000000E0,None,None
2025-01-07,14,19,38,0,None,G31,C1C,2.251000000000E0,None,None
2025-01-07,14,19,38,0,None,G32,C1C,-2.690000000000E-1,None,None
2025-01-07,14,19,39,0,None,G25,C1C,9.290000000000E-1,None,None
2025-01-07,14,19,39,0,None,G28,C1C,5.433000000000E0,None,None
2025-01-07,14,19,39,0,None,G29,C1C,3.359000000000E0,None,None
2025-01-07,14,19,39,0,None,G31,C1C,2.779000000000E0,None,None
2025-01-07,14,19,39,0,None,G32,C1C,1.956000000000E0,None,None
2025-01-07,14,19,40,0,None,G25,C1C,5.388000000000E0,None,None
2025-01-07,14,19,40,0,None,G28,C1C,5.852000000000E0,None,None
2025-01-07,14,19,40,0,None,G29,C1C,1.313000000000E0,None,None
2025-01-07,14,19,40,0,None,G31,C1C,5.504000000000E0,None,None
2025-01-07,14,19,40,0,None,G32,C1C,4.753000000000E0,None,None
2025-01-07,14,19,41,0,None,G25,C1C,3.083000000000E0,None,None
2025-01-07,14,19,41,0,None,G28,C1C,-3.342000000000E0,None,None
2025-01-07,14,19,41,0,None,G29,C1C,2.547000000000E0,None,None
2025-01-07,14,19,41,0,None,G31,C1C,-3.716000000000E0,None,None
2025-01-07,14,19,41,0,None,G32,C1C,8.237000000000E0,None,None
2025-01-07,14,19,42,0,None,G25,C1C,3.547000000000E0,None,None
2025-01-07,14,19,42,0,None,G28,C1C,2.314000000000E0,None,None
2025-01-07,14,19,42,0,None,G29,C1C,-3.627000000000E0,None,None
2025-01-07,14,19,42,0,None,G31,C1C,9.300000000000E-1,None,None
2025-01-07,14,19,42,0,None,G32,C1C,-2.850000000000E-1,None,None
2025-01-07,14,19,43,0,None,G25,C1C,2.627000000000E0,None,None
2025-01-07,14,19,43,0,None,G28,C1C,6.790000000000E-1,None,None
2025-01-07,14,19,43,0,None,G29,C1C,8.220000000000E-1,None,None
2025-01-07,14,19,43,0,None,G31,C1C,-1.733000000000E0,None,None
2025-01-07,14,19,43,0,None,G32,C1C,7.773000000000E0,None,None
2025-01-07,14,19,44,0,None,G25,C1C,2.984000000000E0,None,None
2025-01-07,14,19,44,0,None,G28,C1C,4.012000000000E0,None,None
2025-01-07,14,19,44,0,None,G29,C1C,-3.390000000000E-1,None,None
2025-01-07,14,19,44,0,None,G31,C1C,8.670000000000E-1,None,None
2025-01-07,14,19,44,0,None,G32,C1C,-8.580000000000E-1,None,None
2025-01-07,14,19,45,0,None,G25,C1C,1.939000000000E0,None,None
2025-01-07,14,19,45,0,None,G28,C1C,6.103000000000E0,None,None
2025-01-07,14,19,45,0,None,G29,C1C,1.447000000000E0,None,None
2025-01-07,14,19,45,0,None,G31,C1C,-2.547000000000E0,None,None
2025-01-07,14,19,45,0,None,G32,C1C,3.699000000000E0,None,None
2025-01-07,14,19,46,0,None,G25,C1C,4.039000000000E0,None,None
2025-01-07,14,19,46,0,None,G28,C1C,3.118000000000E0,None,None
2025-01-07,14,19,46,0,None,G29,C1C,1.697000000000E0,None,None
2025-01-07,14,19,46,0,None,G31,C1C,-6.174000000000E0,None,None
2025-01-07,14,19,46,0,None,G32,C1C,-3.851000000000E0,None,None
2025-01-07,14,19,47,0,None,G25,C1C,3.207000000000E0,None,None
2025-01-07,14,19,47,0,None,G28,C1C,2.413000000000E0,None,None
2025-01-07,14,19,47,0,None,G29,C1C,3.815000000000E0,None,None
2025-01-07,14,19,47,0,None,G31,C1C,4.065000000000E0,None,None
2025-01-07,14,19,47,0,None,G32,C1C,3.145000000000E0,None,None
2025-01-07,14,19,48,0,None,G12,C1C,2.546000000000E0,None,None
2025-01-07,14,19,48,0,None,G25,C1C,1.895000000000E0,None,None
2025-01-07,14,19,48,0,None,G28,C1C,4.762000000000E0,None,None
2025-01-07,14,19,48,0,None,G29,C1C,-3.082000000000E0,None,None
2025-01-07,14,19,48,0,None,G31,C1C,5.432000000000E0,None,None
2025-01-07,14,19,48,0,None,G32,C1C,9.030000000000E-1,None,None
2025-01-07,14,19,49,0,None,G12,C1C,-2.618000000000E0,None,None
2025-01-07,14,19,49,0,None,G25,C1C,3.660000000000E-1,None,None
2025-01-07,14,19,49,0,None,G28,C1C,4.548000000000E0,None,None
2025-01-07,14,19,49,0,None,G29,C1C,3.770000000000E0,None,None
2025-01-07,14,19,49,0,None,G31,C1C,7.950000000000E-1,None,None
2025-01-07,14,19,49,0,None,G32,C1C,-1.073000000000E0,None,None
2025-01-07,14,19,50,0,None,G12,C1C,4.387000000000E0,None,None
2025-01-07,14,19,50,0,None,G25,C1C,2.279000000000E0,None,None
2025-01-07,14,19,50,0,None,G28,C1C,6.040000000000E0,None,None
2025-01-07,14,19,50,0,None,G29,C1C,1.590000000000E0,None,None
2025-01-07,14,19,50,0,None,G31,C1C,3.699000000000E0,None,None
2025-01-07,14,19,50,0,None,G32,C1C,1.689000000000E0,None,None
2025-01-07,14,19,51,0,None,G12,C1C,-1.626000000000E0,None,None
2025-01-07,14,19,51,0,None,G25,C1C,2.868000000000E0,None,None
2025-01-07,14,19,51,0,None,G28,C1C,1.402000000000E0,None,None
2025-01-07,14,19,51,0,None,G29,C1C,4.825000000000E0,None,None
2025-01-07,14,19,51,0,None,G31,C1C,7.415000000000E0,None,None
2025-01-07,14,19,51,0,None,G32,C1C,1.519000000000E0,None,None
2025-01-07,14,19,52,0,None,G12,C1C,3.940000000000E0,None,None
2025-01-07,14,19,52,0,None,G25,C1C,4.423000000000E0,None,None
2025-01-07,14,19,52,0,None,G28,C1C,-5.630000000000E-1,None,None
2025-01-07,14,19,52,0,None,G29,C1C,-1.537000000000E0,None,None
2025-01-07,14,19,52,0,None,G31,C1C,3.020000000000E0,None,None
2025-01-07,14,19,52,0,None,G32,C1C,-9.380000000000E-1,None,None
2025-01-07,14,19,53,0,None,G12,C1C,2.368000000000E0,None,None
2025-01-07,14,19,53,0,None,G25,C1C,2.028000000000E0,None,None
2025-01-07,14,19,53,0,None,G28,C1C,-1.090000000000E0,None,None
2025-01-07,14,19,53,0,None,G29,C1C,7.950000000000E-1,None,None
2025-01-07,14,19,53,0,None,G31,C1C,5.673000000000E0,None,None
2025-01-07,14,19,53,0,None,G32,C1C,-1.591000000000E0,None,None
2025-01-07,14,19,54,0,None,G12,C1C,3.484000000000E0,None,None
2025-01-07,14,19,54,0,None,G25,C1C,3.601000000000E0,None,None
2025-01-07,14,19,54,0,None,G28,C1C,-2.091000000000E0,None,None
2025-01-07,14,19,54,0,None,G29,C1C,4.843000000000E0,None,None
2025-01-07,14,19,54,0,None,G31,C1C,-1.438000000000E0,None,None
2025-01-07,14,19,54,0,None,G32,C1C,2.064000000000E0,None,None
2025-01-07,14,19,55,0,None,G12,C1C,-5.540000000000E-1,None,None
2025-01-07,14,19,55,0,None,G25,C1C,1.572000000000E0,None,None
2025-01-07,14,19,55,0,None,G28,C1C,2.591000000000E0,None,None
2025-01-07,14,19,55,0,None,G29,C1C,1.868000000000E0,None,None
2025-01-07,14,19,55,0,None,G31,C1C,1.037000000000E0,None,None
2025-01-07,14,19,55,0,None,G32,C1C,7.844000000000E0,None,None
2025-01-07,14,19,56,0,None,G12,C1C,-3.145000000000E0,None,None
2025-01-07,14,19,56,0,None,G25,C1C,1.573000000000E0,None,None
2025-01-07,14,19,56,0,None,G28,C1C,-1.688000000000E0,None,None
2025-01-07,14,19,56,0,None,G29,C1C,3.530000000000E0,None,None
2025-01-07,14,19,56,0,None,G31,C1C,-4.020000000000E-1,None,None
2025-01-07,14,19,56,0,None,G32,C1C,5.450000000000E0,None,None
2025-01-07,14,19,57,0,None,G12,C1C,1.859000000000E0,None,None
2025-01-07,14,19,57,0,None,G25,C1C,6.700000000000E-1,None,None
2025-01-07,14,19,57,0,None,G28,C1C,3.538000000000E0,None,None
2025-01-07,14,19,57,0,None,G29,C1C,8.660000000000E-1,None,None
2025-01-07,14,19,57,0,None,G31,C1C,4.806000000000E0,None,None
2025-01-07,14,19,57,0,None,G32,C1C,2.626000000000E0,None,None
2025-01-07,14,19,58,0,None,G12,C1C,5.119000000000E0,None,None
2025-01-07,14,19,58,0,None,G25,C1C,4.092000000000E0,None,None
2025-01-07,14,19,58,0,None,G28,C1C,1.831000000000E0,None,None
2025-01-07,14,19,58,0,None,G29,C1C,2.725000000000E0,None,None
2025-01-07,14,19,58,0,None,G31,C1C,4.958000000000E0,None,None
2025-01-07,14,19,58,0,None,G32,C1C,7.076000000000E0,None,None
2025-01-07,14,19,59,0,None,G12,C1C,3.842000000000E0,None,None
2025-01-07,14,19,59,0,None,G25,C1C,1.278000000000E0,None,None
2025-01-07,14,19,59,0,None,G28,C1C,1.296000000000E0,None,None
2025-01-07,14,19,59,0,None,G29,C1C,2.590000000000E-1,None,None
2025-01-07,14,19,59,0,None,G31,C1C,5.531000000000E0,None,None
2025-01-07,14,19,59,0,None,G32,C1C,5.566000000000E0,None,None
2025-01-07,14,20,00,0,None,G12,C1C,1.251000000000E0,None,None
2025-01-07,14,20,00,0,None,G25,C1C,3.494000000000E0,None,None
2025-01-07,14,20,00,0,None,G28,C1C,5.888000000000E0,None,None
2025-01-07,14,20,00,0,None,G29,C1C,-3.930000000000E-1,None,None
2025-01-07,14,20,00,0,None,G31,C1C,1.859000000000E0,None,None
2025-01-07,14,20,00,0,None,G32,C1C,2.770000000000E0,None,None
2025-01-07,14,20,01,0,None,G12,C1C,1.894000000000E0,None,None
2025-01-07,14,20,01,0,None,G25,C1C,6.200000000000E-2,None,None
2025-01-07,14,20,01,0,None,G28,C1C,4.852000000000E0,None,None
2025-01-07,14,20,01,0,None,G29,C1C,7.380000000000E0,None,None
2025-01-07,14,20,01,0,None,G31,C1C,1.492000000000E0,None,None
2025-01-07,14,20,01,0,None,G32,C1C,3.395000000000E0,None,None
2025-01-07,14,20,02,0,None,G12,C1C,5.710000000000E-1,None,None
2025-01-07,14,20,02,0,None,G25,C1C,3.359000000000E0,None,None
2025-01-07,14,20,02,0,None,G28,C1C,3.190000000000E0,None,None
2025-01-07,14,20,02,0,None,G29,C1C,5.825000000000E0,None,None
2025-01-07,14,20,02,0,None,G31,C1C,-9.120000000000E-1,None,None
2025-01-07,14,20,02,0,None,G32,C1C,2.484000000000E0,None,None
2025-01-07,14,20,03,0,None,G12,C1C,-1.610000000000E-1,None,None
2025-01-07,14,20,03,0,None,G25,C1C,5.540000000000E-1,None,None
2025-01-07,14,20,03,0,None,G28,C1C,1.800000000000E-2,None,None
2025-01-07,14,20,03,0,None,G29,C1C,3.985000000000E0,None,None
2025-01-07,14,20,03,0,None,G31,C1C,-1.250000000000E-1,None,None
2025-01-07,14,20,03,0,None,G32,C1C,4.261000000000E0,None,None
2025-01-07,14,20,04,0,None,G12,C1C,1.224000000000E0,None,None
2025-01-07,14,20,04,0,None,G25,C1C,1.215000000000E0,None,None
2025-01-07,14,20,04,0,None,G28,C1C,4.235000000000E0,None,None
2025-01-07,14,20,04,0,None,G29,C1C,1.528000000000E0,None,None
2025-01-07,14,20,04,0,None,G31,C1C,-2.240000000000E-1,None,None
2025-01-07,14,20,04,0,None,G32,C1C,5.951000000000E0,None,None
2025-01-07,14,20,05,0,None,G12,C1C,8.256000000000E0,None,None
2025-01-07,14,20,05,0,None,G25,C1C,3.056000000000E0,None,None
2025-01-07,14,20,05,0,None,G28,C1C,-2.645000000000E0,None,None
2025-01-07,14,20,05,0,None,G29,C1C,1.322000000000E0,None,None
2025-01-07,14,20,05,0,None,G31,C1C,3.480000000000E-1,None,None
2025-01-07,14,20,05,0,None,G32,C1C,2.957000000000E0,None,None
2025-01-07,14,20,06,0,None,G12,C1C,-3.750000000000E-1,None,None
2025-01-07,14,20,06,0,None,G25,C1C,3.046000000000E0,None,None
2025-01-07,14,20,06,0,None,G28,C1C,3.570000000000E-1,None,None
2025-01-07,14,20,06,0,None,G29,C1C,1.992000000000E0,None,None
2025-01-07,14,20,06,0,None,G31,C1C,3.824000000000E0,None,None
2025-01-07,14,20,06,0,None,G32,C1C,2.681000000000E0,None,None
2025-01-07,14,20,07,0,None,G12,C1C,-3.887000000000E0,None,None
2025-01-07,14,20,07,0,None,G25,C1C,4.628000000000E0,None,None
2025-01-07,14,20,07,0,None,G28,C1C,4.298000000000E0,None,None
2025-01-07,14,20,07,0,None,G29,C1C,4.629000000000E0,None,None
2025-01-07,14,20,07,0,None,G31,C1C,1.340000000000E-1,None,None
2025-01-07,14,20,07,0,None,G32,C1C,-7.680000000000E-1,None,None
2025-01-07,14,20,08,0,None,G12,C1C,1.780000000000E-1,None,None
2025-01-07,14,20,08,0,None,G25,C1C,1.920000000000E0,None,None
2025-01-07,14,20,08,0,None,G28,C1C,6.907000000000E0,None,None
2025-01-07,14,20,08,0,None,G29,C1C,1.394000000000E0,None,None
2025-01-07,14,20,08,0,None,G31,C1C,-3.040000000000E-1,None,None
2025-01-07,14,20,08,0,None,G32,C1C,5.450000000000E0,None,None
2025-01-07,14,20,09,0,None,G12,C1C,3.932000000000E0,None,None
2025-01-07,14,20,09,0,None,G25,C1C,2.180000000000E0,None,None
2025-01-07,14,20,09,0,None,G28,C1C,2.510000000000E0,None,None
2025-01-07,14,20,09,0,None,G29,C1C,3.930000000000E-1,None,None
2025-01-07,14,20,09,0,None,G31,C1C,-2.895000000000E0,None,None
2025-01-07,14,20,09,0,None,G32,C1C,6.111000000000E0,None,None
2025-01-07,14,20,10,0,None,G12,C1C,2.188000000000E0,None,None
2025-01-07,14,20,10,0,None,G25,C1C,2.609000000000E0,None,None
2025-01-07,14,20,10,0,None,G28,C1C,2.645000000000E0,None,None
2025-01-07,14,20,10,0,None,G29,C1C,1.018000000000E0,None,None
2025-01-07,14,20,10,0,None,G31,C1C,5.180000000000E-1,None,None
2025-01-07,14,20,10,0,None,G32,C1C,-6.379000000000E0,None,None
2025-01-07,14,20,11,0,None,G12,C1C,-3.235000000000E0,None,None
2025-01-07,14,20,11,0,None,G25,C1C,1.787000000000E0,None,None
2025-01-07,14,20,11,0,None,G28,C1C,2.287000000000E0,None,None
2025-01-07,14,20,11,0,None,G29,C1C,-1.197000000000E0,None,None
2025-01-07,14,20,11,0,None,G31,C1C,-1.563000000000E0,None,None
2025-01-07,14,20,11,0,None,G32,C1C,5.995000000000E0,None,None
2025-01-07,14,20,12,0,None,G12,C1C,4.226000000000E0,None,None
2025-01-07,14,20,12,0,None,G25,C1C,5.280000000000E0,None,None
2025-01-07,14,20,12,0,None,G28,C1C,2.734000000000E0,None,None
2025-01-07,14,20,12,0,None,G29,C1C,4.500000000000E-2,None,None
2025-01-07,14,20,12,0,None,G31,C1C,7.272000000000E0,None,None
2025-01-07,14,20,12,0,None,G32,C1C,7.604000000000E0,None,None
2025-01-07,14,20,13,0,None,G12,C1C,2.538000000000E0,None,None
2025-01-07,14,20,13,0,None,G25,C1C,1.090000000000E0,None,None
2025-01-07,14,20,13,0,None,G28,C1C,-2.484000000000E0,None,None
2025-01-07,14,20,13,0,None,G29,C1C,4.530000000000E0,None,None
2025-01-07,14,20,13,0,None,G31,C1C,8.400000000000E-1,None,None
2025-01-07,14,20,13,0,None,G32,C1C,1.626000000000E0,None,None
2025-01-07,14,20,14,0,None,G12,C1C,-3.930000000000E-1,None,None
2025-01-07,14,20,14,0,None,G25,C1C,2.448000000000E0,None,None
2025-01-07,14,20,14,0,None,G28,C1C,-5.727000000000E0,None,None
2025-01-07,14,20,14,0,None,G29,C1C,2.269000000000E0,None,None
2025-01-07,14,20,14,0,None,G31,C1C,8.400000000000E-1,None,None
2025-01-07,14,20,14,0,None,G32,C1C,-4.333000000000E0,None,None
2025-01-07,14,20,15,0,None,G12,C1C,5.602000000000E0,None,None
2025-01-07,14,20,15,0,None,G25,C1C,6.478000000000E0,None,None
2025-01-07,14,20,15,0,None,G28,C1C,2.314000000000E0,None,None
2025-01-07,14,20,15,0,None,G29,C1C,4.380000000000E-1,None,None
2025-01-07,14,20,15,0,None,G31,C1C,-2.099000000000E0,None,None
2025-01-07,14,20,15,0,None,G32,C1C,4.619000000000E0,None,None
2025-01-07,14,20,16,0,None,G12,C1C,3.565000000000E0,None,None
2025-01-07,14,20,16,0,None,G25,C1C,2.939000000000E0,None,None
2025-01-07,14,20,16,0,None,G28,C1C,3.073000000000E0,None,None
2025-01-07,14,20,16,0,None,G29,C1C,4.380000000000E-1,None,None
2025-01-07,14,20,16,0,None,G31,C1C,-1.805000000000E0,None,None
2025-01-07,14,20,16,0,None,G32,C1C,5.414000000000E0,None,None
2025-01-07,14,20,17,0,None,G12,C1C,4.740000000000E-1,None,None
2025-01-07,14,20,17,0,None,G25,C1C,2.377000000000E0,None,None
2025-01-07,14,20,17,0,None,G28,C1C,-4.730000000000E-1,None,None
2025-01-07,14,20,17,0,None,G29,C1C,2.099000000000E0,None,None
2025-01-07,14,20,17,0,None,G31,C1C,8.184000000000E0,None,None
2025-01-07,14,20,17,0,None,G32,C1C,2.394000000000E0,None,None
2025-01-07,14,20,18,0,None,G12,C1C,4.002000000000E0,None,None
2025-01-07,14,20,18,0,None,G25,C1C,2.797000000000E0,None,None
2025-01-07,14,20,18,0,None,G28,C1C,4.217000000000E0,None,None
2025-01-07,14,20,18,0,None,G29,C1C,2.144000000000E0,None,None
2025-01-07,14,20,18,0,None,G31,C1C,-6.352000000000E0,None,None
2025-01-07,14,20,18,0,None,G32,C1C,2.796000000000E0,None,None
2025-01-07,14,20,19,0,None,G12,C1C,-2.322000000000E0,None,None
2025-01-07,14,20,19,0,None,G25,C1C,-1.331000000000E0,None,None
2025-01-07,14,20,19,0,None,G28,C1C,-1.760000000000E0,None,None
2025-01-07,14,20,19,0,None,G29,C1C,3.172000000000E0,None,None
2025-01-07,14,20,19,0,None,G31,C1C,6.880000000000E0,None,None
2025-01-07,14,20,19,0,None,G32,C1C,3.368000000000E0,None,None
2025-01-07,14,20,20,0,None,G12,C1C,2.564000000000E0,None,None
2025-01-07,14,20,20,0,None,G25,C1C,6.250000000000E-1,None,None
2025-01-07,14,20,20,0,None,G28,C1C,1.520000000000E-1,None,None
2025-01-07,14,20,20,0,None,G29,C1C,7.639000000000E0,None,None
2025-01-07,14,20,20,0,None,G31,C1C,8.184000000000E0,None,None
2025-01-07,14,20,20,0,None,G32,C1C,-2.627000000000E0,None,None
2025-01-07,14,20,21,0,None,G12,C1C,1.439000000000E0,None,None
2025-01-07,14,20,21,0,None,G25,C1C,4.950000000000E0,None,None
2025-01-07,14,20,21,0,None,G28,C1C,-9.380000000000E-1,None,None
2025-01-07,14,20,21,0,None,G29,C1C,4.056000000000E0,None,None
2025-01-07,14,20,21,0,None,G31,C1C,9.470000000000E-1,None,None
2025-01-07,14,20,21,0,None,G32,C1C,-2.859000000000E0,None,None
2025-01-07,14,20,22,0,None,G12,C1C,-1.197000000000E0,None,None
2025-01-07,14,20,22,0,None,G25,C1C,1.135000000000E0,None,None
2025-01-07,14,20,22,0,None,G28,C1C,5.182000000000E0,None,None
2025-01-07,14,20,22,0,None,G29,C1C,1.161000000000E0,None,None
2025-01-07,14,20,22,0,None,G31,C1C,9.470000000000E0,None,None
2025-01-07,14,20,22,0,None,G32,C1C,2.060000000000E-1,None,None
2025-01-07,14,20,23,0,None,G12,C1C,-1.367000000000E0,None,None
2025-01-07,14,20,23,0,None,G25,C1C,-1.322000000000E0,None,None
2025-01-07,14,20,23,0,None,G28,C1C,-2.618000000000E0,None,None
2025-01-07,14,20,23,0,None,G29,C1C,1.983000000000E0,None,None
2025-01-07,14,20,23,0,None,G31,C1C,8.863000000000E0,None,None
2025-01-07,14,20,23,0,None,G32,C1C,2.189000000000E0,None,None
2025-01-07,14,20,24,0,None,G12,C1C,-9.650000000000E-1,None,None
2025-01-07,14,20,24,0,None,G25,C1C,2.520000000000E0,None,None
2025-01-07,14,20,24,0,None,G28,C1C,2.966000000000E0,None,None
2025-01-07,14,20,24,0,None,G29,C1C,1.054000000000E0,None,None
2025-01-07,14,20,24,0,None,G31,C1C,5.879000000000E0,None,None
2025-01-07,14,20,24,0,None,G32,C1C,-1.841000000000E0,None,None
2025-01-07,14,20,25,0,None,G12,C1C,1.072000000000E0,None,None
2025-01-07,14,20,25,0,None,G25,C1C,3.368000000000E0,None,None
2025-01-07,14,20,25,0,None,G28,C1C,5.400000000000E-2,None,None
2025-01-07,14,20,25,0,None,G29,C1C,-7.060000000000E-1,None,None
2025-01-07,14,20,25,0,None,G31,C1C,2.243000000000E0,None,None
2025-01-07,14,20,25,0,None,G32,C1C,4.020000000000E-1,None,None
2025-01-07,14,20,26,0,None,G12,C1C,3.208000000000E0,None,None
2025-01-07,14,20,26,0,None,G25,C1C,4.560000000000E-1,None,None
2025-01-07,14,20,26,0,None,G28,C1C,5.280000000000E0,None,None
2025-01-07,14,20,26,0,None,G29,C1C,2.627000000000E0,None,None
2025-01-07,14,20,26,0,None,G31,C1C,-7.860000000000E-1,None,None
2025-01-07,14,20,26,0,None,G32,C1C,-2.135000000000E0,None,None
2025-01-07,14,20,27,0,None,G12,C1C,6.397000000000E0,None,None
2025-01-07,14,20,27,0,None,G25,C1C,-1.582000000000E0,None,None
2025-01-07,14,20,27,0,None,G28,C1C,3.967000000000E0,None,None
2025-01-07,14,20,27,0,None,G29,C1C,5.245000000000E0,None,None
2025-01-07,14,20,27,0,None,G31,C1C,7.630000000000E0,None,None
2025-01-07,14,20,27,0,None,G32,C1C,1.965000000000E0,None,None
2025-01-07,14,20,28,0,None,G12,C1C,2.197000000000E0,None,None
2025-01-07,14,20,28,0,None,G25,C1C,1.555000000000E0,None,None
2025-01-07,14,20,28,0,None,G28,C1C,-1.420000000000E-1,None,None
2025-01-07,14,20,28,0,None,G29,C1C,5.978000000000E0,None,None
2025-01-07,14,20,28,0,None,G31,C1C,-1.206000000000E0,None,None
2025-01-07,14,20,28,0,None,G32,C1C,-3.627000000000E0,None,None
2025-01-07,14,20,29,0,None,G12,C1C,1.519000000000E0,None,None
2025-01-07,14,20,29,0,None,G25,C1C,5.745000000000E0,None,None
2025-01-07,14,20,29,0,None,G28,C1C,1.019000000000E0,None,None
2025-01-07,14,20,29,0,None,G29,C1C,4.575000000000E0,None,None
2025-01-07,14,20,29,0,None,G31,C1C,1.501000000000E0,None,None
2025-01-07,14,20,29,0,None,G32,C1C,3.610000000000E0,None,None
2025-01-07,14,20,30,0,None,G12,C1C,1.697000000000E0,None,None
2025-01-07,14,20,30,0,None,G25,C1C,9.740000000000E-1,None,None
2025-01-07,14,20,30,0,None,G28,C1C,3.046000000000E0,None,None
2025-01-07,14,20,30,0,None,G29,C1C,1.063000000000E0,None,None
2025-01-07,14,20,30,0,None,G31,C1C,-3.422000000000E0,None,None
2025-01-07,14,20,30,0,None,G32,C1C,2.127000000000E0,None,None
2025-01-07,14,20,31,0,None,G12,C1C,5.978000000000E0,None,None
2025-01-07,14,20,31,0,None,G25,C1C,3.467000000000E0,None,None
2025-01-07,14,20,31,0,None,G28,C1C,7.240000000000E-1,None,None
2025-01-07,14,20,31,0,None,G29,C1C,2.627000000000E0,None,None
2025-01-07,14,20,31,0,None,G31,C1C,-2.850000000000E0,None,None
2025-01-07,14,20,31,0,None,G32,C1C,1.492000000000E0,None,None
2025-01-07,14,20,32,0,None,G12,C1C,4.110000000000E0,None,None
2025-01-07,14,20,32,0,None,G25,C1C,1.036000000000E0,None,None
2025-01-07,14,20,32,0,None,G28,C1C,-4.834000000000E0,None,None
2025-01-07,14,20,32,0,None,G29,C1C,2.895000000000E0,None,None
2025-01-07,14,20,32,0,None,G31,C1C,2.060000000000E-1,None,None
2025-01-07,14,20,32,0,None,G32,C1C,3.074000000000E0,None,None
2025-01-07,14,20,33,0,None,G12,C1C,8.760000000000E-1,None,None
2025-01-07,14,20,33,0,None,G25,C1C,6.281000000000E0,None,None
2025-01-07,14,20,33,0,None,G28,C1C,-3.600000000000E-2,None,None
2025-01-07,14,20,33,0,None,G29,C1C,1.733000000000E0,None,None
2025-01-07,14,20,33,0,None,G31,C1C,3.570000000000E-1,None,None
2025-01-07,14,20,33,0,None,G32,C1C,7.889000000000E0,None,None
2025-01-07,14,20,34,0,None,G12,C1C,-1.171000000000E0,None,None
2025-01-07,14,20,34,0,None,G25,C1C,-3.395000000000E0,None,None
2025-01-07,14,20,34,0,None,G28,C1C,2.314000000000E0,None,None
2025-01-07,14,20,34,0,None,G29,C1C,1.019000000000E0,None,None
2025-01-07,14,20,34,0,None,G31,C1C,1.209800000000E1,None,None
2025-01-07,14,20,34,0,None,G32,C1C,7.934000000000E0,None,None
2025-01-07,14,20,35,0,None,G12,C1C,3.583000000000E0,None,None
2025-01-07,14,20,35,0,None,G25,C1C,6.969000000000E0,None,None
2025-01-07,14,20,35,0,None,G28,C1C,3.591000000000E0,None,None
2025-01-07,14,20,35,0,None,G29,C1C,3.430000000000E0,None,None
2025-01-07,14,20,35,0,None,G31,C1C,1.688000000000E0,None,None
2025-01-07,14,20,35,0,None,G32,C1C,2.636000000000E0,None,None
2025-01-07,14,20,36,0,None,G12,C1C,4.485000000000E0,None,None
2025-01-07,14,20,36,0,None,G25,C1C,2.082000000000E0,None,None
2025-01-07,14,20,36,0,None,G28,C1C,3.958000000000E0,None,None
2025-01-07,14,20,36,0,None,G29,C1C,-3.993000000000E0,None,None
2025-01-07,14,20,36,0,None,G31,C1C,-1.185600000000E1,None,None
2025-01-07,14,20,36,0,None,G32,C1C,-3.118000000000E0,None,None
2025-01-07,14,20,37,0,None,G12,C1C,1.000000000000E0,None,None
2025-01-07,14,20,37,0,None,G25,C1C,1.671000000000E0,None,None
2025-01-07,14,20,37,0,None,G28,C1C,1.590000000000E0,None,None
2025-01-07,14,20,37,0,None,G29,C1C,4.824000000000E0,None,None
2025-01-07,14,20,37,0,None,G31,C1C,4.682000000000E0,None,None
2025-01-07,14,20,37,0,None,G32,C1C,7.282000000000E0,None,None
2025-01-07,14,20,38,0,None,G12,C1C,2.627000000000E0,None,None
2025-01-07,14,20,38,0,None,G25,C1C,4.414000000000E0,None,None
2025-01-07,14,20,38,0,None,G28,C1C,4.290000000000E-1,None,None
2025-01-07,14,20,38,0,None,G29,C1C,-1.376000000000E0,None,None
2025-01-07,14,20,38,0,None,G31,C1C,-1.790000000000E-1,None,None
2025-01-07,14,20,38,0,None,G32,C1C,2.841000000000E0,None,None
2025-01-07,14,20,39,0,None,G12,C1C,2.672000000000E0,None,None
2025-01-07,14,20,39,0,None,G25,C1C,2.278000000000E0,None,None
2025-01-07,14,20,39,0,None,G28,C1C,3.985000000000E0,None,None
2025-01-07,14,20,39,0,None,G29,C1C,1.206000000000E0,None,None
2025-01-07,14,20,39,0,None,G31,C1C,-1.644000000000E0,None,None
2025-01-07,14,20,39,0,None,G32,C1C,9.935000000000E0,None,None
2025-01-07,14,20,40,0,None,G12,C1C,4.896000000000E0,None,None
2025-01-07,14,20,40,0,None,G25,C1C,3.850000000000E0,None,None
2025-01-07,14,20,40,0,None,G28,C1C,6.504000000000E0,None,None
2025-01-07,14,20,40,0,None,G29,C1C,1.795000000000E0,None,None
2025-01-07,14,20,40,0,None,G31,C1C,-3.288000000000E0,None,None
2025-01-07,14,20,40,0,None,G32,C1C,5.540000000000E-1,None,None
2025-01-07,14,20,41,0,None,G12,C1C,6.350000000000E-1,None,None
2025-01-07,14,20,41,0,None,G25,C1C,4.646000000000E0,None,None
2025-01-07,14,20,41,0,None,G28,C1C,2.590000000000E-1,None,None
2025-01-07,14,20,41,0,None,G29,C1C,3.127000000000E0,None,None
2025-01-07,14,20,41,0,None,G31,C1C,5.673000000000E0,None,None
2025-01-07,14,20,41,0,None,G32,C1C,-2.332000000000E0,None,None
2025-01-07,14,20,42,0,None,G12,C1C,-6.700000000000E-1,None,None
2025-01-07,14,20,42,0,None,G25,C1C,2.037000000000E0,None,None
2025-01-07,14,20,42,0,None,G28,C1C,-2.671000000000E0,None,None
2025-01-07,14,20,42,0,None,G29,C1C,4.387000000000E0,None,None
2025-01-07,14,20,42,0,None,G31,C1C,1.167700000000E1,None,None
2025-01-07,14,20,42,0,None,G32,C1C,1.179000000000E0,None,None
2025-01-07,14,20,43,0,None,G12,C1C,4.083000000000E0,None,None
2025-01-07,14,20,43,0,None,G25,C1C,1.790000000000E-1,None,None
2025-01-07,14,20,43,0,None,G28,C1C,-5.244000000000E0,None,None
2025-01-07,14,20,43,0,None,G29,C1C,-5.270000000000E-1,None,None
2025-01-07,14,20,43,0,None,G31,C1C,-1.582000000000E0,None,None
2025-01-07,14,20,43,0,None,G32,C1C,-1.510000000000E0,None,None
2025-01-07,14,20,44,0,None,G12,C1C,2.868000000000E0,None,None
2025-01-07,14,20,44,0,None,G25,C1C,1.001000000000E0,None,None
2025-01-07,14,20,44,0,None,G28,C1C,2.520000000000E0,None,None
2025-01-07,14,20,44,0,None,G29,C1C,1.689000000000E0,None,None
2025-01-07,14,20,44,0,None,G31,C1C,2.787000000000E0,None,None
2025-01-07,14,20,44,0,None,G32,C1C,-1.358000000000E0,None,None
2025-01-07,14,20,45,0,None,G12,C1C,7.362000000000E0,None,None
2025-01-07,14,20,45,0,None,G25,C1C,3.580000000000E-1,None,None
2025-01-07,14,20,45,0,None,G28,C1C,1.403000000000E0,None,None
2025-01-07,14,20,45,0,None,G29,C1C,1.036000000000E0,None,None
2025-01-07,14,20,45,0,None,G31,C1C,-3.109000000000E0,None,None
2025-01-07,14,20,45,0,None,G32,C1C,4.182000000000E0,None,None
2025-01-07,14,20,46,0,None,G12,C1C,2.939000000000E0,None,None
2025-01-07,14,20,46,0,None,G25,C1C,1.582000000000E0,None,None
2025-01-07,14,20,46,0,None,G28,C1C,-3.941000000000E0,None,None
2025-01-07,14,20,46,0,None,G29,C1C,3.217000000000E0,None,None
2025-01-07,14,20,46,0,None,G31,C1C,6.977000000000E0,None,None
2025-01-07,14,20,46,0,None,G32,C1C,-1.206000000000E0,None,None
2025-01-07,14,20,47,0,None,G12,C1C,5.807000000000E0,None,None
2025-01-07,14,20,47,0,None,G25,C1C,3.985000000000E0,None,None
2025-01-07,14,20,47,0,None,G28,C1C,2.269000000000E0,None,None
2025-01-07,14,20,47,0,None,G29,C1C,-7.950000000000E-1,None,None
2025-01-07,14,20,47,0,None,G31,C1C,9.050000000000E0,None,None
2025-01-07,14,20,47,0,None,G32,C1C,-2.144000000000E0,None,None
2025-01-07,14,20,48,0,None,G12,C1C,1.832000000000E0,None,None
2025-01-07,14,20,48,0,None,G25,C1C,2.448000000000E0,None,None
2025-01-07,14,20,48,0,None,G28,C1C,5.209000000000E0,None,None
2025-01-07,14,20,48,0,None,G29,C1C,3.422000000000E0,None,None
2025-01-07,14,20,48,0,None,G31,C1C,5.897000000000E0,None,None
2025-01-07,14,20,48,0,None,G32,C1C,9.470000000000E-1,None,None
2025-01-07,14,20,49,0,None,G12,C1C,5.727000000000E0,None,None
2025-01-07,14,20,49,0,None,G25,C1C,3.645000000000E0,None,None
2025-01-07,14,20,49,0,None,G28,C1C,9.908000000000E0,None,None
2025-01-07,14,20,49,0,None,G29,C1C,6.880000000000E-1,None,None
2025-01-07,14,20,49,0,None,G31,C1C,4.753000000000E0,None,None
2025-01-07,14,20,49,0,None,G32,C1C,4.744000000000E0,None,None
2025-01-07,14,20,50,0,None,G12,C1C,3.824000000000E0,None,None
2025-01-07,14,20,50,0,None,G25,C1C,3.931000000000E0,None,None
2025-01-07,14,20,50,0,None,G28,C1C,1.698000000000E0,None,None
2025-01-07,14,20,50,0,None,G29,C1C,3.386000000000E0,None,None
2025-01-07,14,20,50,0,None,G31,C1C,-3.760000000000E-1,None,None
2025-01-07,14,20,50,0,None,G32,C1C,2.618000000000E0,None,None
2025-01-07,14,20,51,0,None,G12,C1C,3.547000000000E0,None,None
2025-01-07,14,20,51,0,None,G25,C1C,2.448000000000E0,None,None
2025-01-07,14,20,51,0,None,G28,C1C,-8.149000000000E0,None,None
2025-01-07,14,20,51,0,None,G29,C1C,8.979000000000E0,None,None
2025-01-07,14,20,51,0,None,G31,C1C,2.162000000000E0,None,None
2025-01-07,14,20,51,0,None,G32,C1C,-7.240000000000E-1,None,None
2025-01-07,14,20,52,0,None,G12,C1C,7.630000000000E0,None,None
2025-01-07,14,20,52,0,None,G25,C1C,2.412000000000E0,None,None
2025-01-07,14,20,52,0,None,G28,C1C,-5.990000000000E-1,None,None
2025-01-07,14,20,52,0,None,G29,C1C,1.822000000000E0,None,None
2025-01-07,14,20,52,0,None,G31,C1C,6.674000000000E0,None,None
2025-01-07,14,20,52,0,None,G32,C1C,3.020000000000E0,None,None
2025-01-07,14,20,53,0,None,G12,C1C,7.140000000000E-1,None,None
2025-01-07,14,20,53,0,None,G25,C1C,8.900000000000E-2,None,None
2025-01-07,14,20,53,0,None,G28,C1C,-5.941000000000E0,None,None
2025-01-07,14,20,53,0,None,G29,C1C,4.977000000000E0,None,None
2025-01-07,14,20,53,0,None,G31,C1C,-7.680000000000E-1,None,None
2025-01-07,14,20,53,0,None,G32,C1C,2.404000000000E0,None,None
2025-01-07,14,20,54,0,None,G12,C1C,1.117000000000E0,None,None
2025-01-07,14,20,54,0,None,G25,C1C,3.771000000000E0,None,None
2025-01-07,14,20,54,0,None,G28,C1C,6.173000000000E0,None,None
2025-01-07,14,20,54,0,None,G29,C1C,5.540000000000E0,None,None
2025-01-07,14,20,54,0,None,G31,C1C,3.252000000000E0,None,None
2025-01-07,14,20,54,0,None,G32,C1C,-1.501000000000E0,None,None
2025-01-07,14,20,55,0,None,G12,C1C,1.617000000000E0,None,None
2025-01-07,14,20,55,0,None,G25,C1C,4.190000000000E0,None,None
2025-01-07,14,20,55,0,None,G28,C1C,4.449000000000E0,None,None
2025-01-07,14,20,55,0,None,G29,C1C,2.850000000000E0,None,None
2025-01-07,14,20,55,0,None,G31,C1C,5.100000000000E-1,None,None
2025-01-07,14,20,55,0,None,G32,C1C,-1.778000000000E0,None,None
2025-01-07,14,20,56,0,None,G12,C1C,-5.090000000000E-1,None,None
2025-01-07,14,20,56,0,None,G25,C1C,1.250000000000E-1,None,None
2025-01-07,14,20,56,0,None,G28,C1C,7.281000000000E0,None,None
2025-01-07,14,20,56,0,None,G29,C1C,6.430000000000E-1,None,None
2025-01-07,14,20,56,0,None,G31,C1C,4.038000000000E0,None,None
2025-01-07,14,20,56,0,None,G32,C1C,9.614000000000E0,None,None
2025-01-07,14,20,57,0,None,G12,C1C,2.698000000000E0,None,None
2025-01-07,14,20,57,0,None,G25,C1C,3.511000000000E0,None,None
2025-01-07,14,20,57,0,None,G28,C1C,-6.250000000000E-1,None,None
2025-01-07,14,20,57,0,None,G29,C1C,1.653000000000E0,None,None
2025-01-07,14,20,57,0,None,G31,C1C,2.779000000000E0,None,None
2025-01-07,14,20,57,0,None,G32,C1C,2.019000000000E0,None,None
2025-01-07,14,20,58,0,None,G12,C1C,7.273000000000E0,None,None
2025-01-07,14,20,58,0,None,G25,C1C,1.840000000000E0,None,None
2025-01-07,14,20,58,0,None,G28,C1C,4.056000000000E0,None,None
2025-01-07,14,20,58,0,None,G29,C1C,3.967000000000E0,None,None
2025-01-07,14,20,58,0,None,G31,C1C,2.779000000000E0,None,None
2025-01-07,14,20,58,0,None,G32,C1C,-1.322000000000E0,None,None
2025-01-07,14,20,59,0,None,G12,C1C,1.070000000000E-1,None,None
2025-01-07,14,20,59,0,None,G25,C1C,2.448000000000E0,None,None
2025-01-07,14,20,59,0,None,G28,C1C,1.752000000000E0,None,None
2025-01-07,14,20,59,0,None,G29,C1C,3.779000000000E0,None,None
2025-01-07,14,20,59,0,None,G31,C1C,-3.306000000000E0,None,None
2025-01-07,14,20,59,0,None,G32,C1C,-9.730000000000E-1,None,None
2025-01-07,14,21,00,0,None,G12,C1C,-2.913000000000E0,None,None
2025-01-07,14,21,00,0,None,G25,C1C,2.948000000000E0,None,None
2025-01-07,14,21,00,0,None,G28,C1C,2.207000000000E0,None,None
2025-01-07,14,21,00,0,None,G29,C1C,2.269000000000E0,None,None
2025-01-07,14,21,00,0,None,G31,C1C,3.521000000000E0,None,None
2025-01-07,14,21,00,0,None,G32,C1C,4.092000000000E0,None,None
2025-01-07,14,21,01,0,None,G12,C1C,4.500000000000E-2,None,None
2025-01-07,14,21,01,0,None,G25,C1C,-9.730000000000E-1,None,None
2025-01-07,14,21,01,0,None,G28,C1C,6.942000000000E0,None,None
2025-01-07,14,21,01,0,None,G29,C1C,-1.242000000000E0,None,None
2025-01-07,14,21,01,0,None,G31,C1C,2.153000000000E0,None,None
2025-01-07,14,21,01,0,None,G32,C1C,-2.386000000000E0,None,None
2025-01-07,14,21,02,0,None,G12,C1C,4.932000000000E0,None,None
2025-01-07,14,21,02,0,None,G25,C1C,4.181000000000E0,None,None
2025-01-07,14,21,02,0,None,G28,C1C,4.290000000000E-1,None,None
2025-01-07,14,21,02,0,None,G29,C1C,1.447000000000E0,None,None
2025-01-07,14,21,02,0,None,G31,C1C,1.269000000000E0,None,None
2025-01-07,14,21,02,0,None,G32,C1C,5.191000000000E0,None,None
2025-01-07,14,21,03,0,None,G12,C1C,4.610000000000E0,None,None
2025-01-07,14,21,03,0,None,G25,C1C,5.810000000000E-1,None,None
2025-01-07,14,21,03,0,None,G28,C1C,5.682000000000E0,None,None
2025-01-07,14,21,03,0,None,G29,C1C,2.556000000000E0,None,None
2025-01-07,14,21,03,0,None,G31,C1C,1.171000000000E0,None,None
2025-01-07,14,21,03,0,None,G32,C1C,-1.787000000000E0,None,None
2025-01-07,14,21,04,0,None,G12,C1C,5.772000000000E0,None,None
2025-01-07,14,21,04,0,None,G25,C1C,-2.590000000000E-1,None,None
2025-01-07,14,21,04,0,None,G28,C1C,5.100000000000E-1,None,None
2025-01-07,14,21,04,0,None,G29,C1C,1.162000000000E0,None,None
2025-01-07,14,21,04,0,None,G31,C1C,1.394000000000E0,None,None
2025-01-07,14,21,04,0,None,G32,C1C,-1.960000000000E-1,None,None
2025-01-07,14,21,05,0,None,G12,C1C,8.220000000000E-1,None,None
2025-01-07,14,21,05,0,None,G25,C1C,2.609000000000E0,None,None
2025-01-07,14,21,05,0,None,G28,C1C,3.904000000000E0,None,None
2025-01-07,14,21,05,0,None,G29,C1C,-5.900000000000E-1,None,None
2025-01-07,14,21,05,0,None,G31,C1C,-6.610000000000E-1,None,None
2025-01-07,14,21,05,0,None,G32,C1C,-3.824000000000E0,None,None
2025-01-07,14,21,06,0,None,G12,C1C,2.653000000000E0,None,None
2025-01-07,14,21,06,0,None,G25,C1C,5.932000000000E0,None,None
2025-01-07,14,21,06,0,None,G28,C1C,3.842000000000E0,None,None
2025-01-07,14,21,06,0,None,G29,C1C,-3.029000000000E0,None,None
2025-01-07,14,21,06,0,None,G31,C1C,9.792000000000E0,None,None
2025-01-07,14,21,06,0,None,G32,C1C,1.074800000000E1,None,None
2025-01-07,14,21,07,0,None,G12,C1C,1.554000000000E0,None,None
2025-01-07,14,21,07,0,None,G25,C1C,2.734000000000E0,None,None
2025-01-07,14,21,07,0,None,G28,C1C,1.474000000000E0,None,None
2025-01-07,14,21,07,0,None,G29,C1C,-8.130000000000E-1,None,None
2025-01-07,14,21,07,0,None,G31,C1C,5.270000000000E-1,None,None
2025-01-07,14,21,07,0,None,G32,C1C,1.331000000000E0,None,None
2025-01-07,14,21,08,0,None,G12,C1C,-4.173000000000E0,None,None
2025-01-07,14,21,08,0,None,G25,C1C,8.000000000000E-2,None,None
2025-01-07,14,21,08,0,None,G28,C1C,-1.206000000000E0,None,None
2025-01-07,14,21,08,0,None,G29,C1C,1.715000000000E0,None,None
2025-01-07,14,21,08,0,None,G31,C1C,2.230000000000E-1,None,None
2025-01-07,14,21,08,0,None,G32,C1C,-2.457000000000E0,None,None
2025-01-07,14,21,09,0,None,G12,C1C,2.144000000000E0,None,None
2025-01-07,14,21,09,0,None,G25,C1C,-1.206000000000E0,None,None
2025-01-07,14,21,09,0,None,G28,C1C,3.198000000000E0,None,None
2025-01-07,14,21,09,0,None,G29,C1C,3.958000000000E0,None,None
2025-01-07,14,21,09,0,None,G31,C1C,1.743000000000E0,None,None
2025-01-07,14,21,09,0,None,G32,C1C,4.655000000000E0,None,None
2025-01-07,14,21,10,0,None,G12,C1C,1.376000000000E0,None,None
2025-01-07,14,21,10,0,None,G25,C1C,-3.570000000000E-1,None,None
2025-01-07,14,21,10,0,None,G28,C1C,2.725000000000E0,None,None
2025-01-07,14,21,10,0,None,G29,C1C,1.349000000000E0,None,None
2025-01-07,14,21,10,0,None,G31,C1C,6.031000000000E0,None,None
2025-01-07,14,21,10,0,None,G32,C1C,7.987000000000E0,None,None
2025-01-07,14,21,11,0,None,G12,C1C,-5.090000000000E-1,None,None
2025-01-07,14,21,11,0,None,G25,C1C,4.556000000000E0,None,None
2025-01-07,14,21,11,0,None,G28,C1C,4.640000000000E-1,None,None
2025-01-07,14,21,11,0,None,G29,C1C,3.636000000000E0,None,None
2025-01-07,14,21,11,0,None,G31,C1C,-2.940000000000E0,None,None
2025-01-07,14,21,11,0,None,G32,C1C,4.494000000000E0,None,None
2025-01-07,14,21,12,0,None,G12,C1C,-1.278000000000E0,None,None
2025-01-07,14,21,12,0,None,G25,C1C,-1.055000000000E0,None,None
2025-01-07,14,21,12,0,None,G28,C1C,6.084000000000E0,None,None
2025-01-07,14,21,12,0,None,G29,C1C,1.715000000000E0,None,None
2025-01-07,14,21,12,0,None,G31,C1C,3.314000000000E0,None,None
2025-01-07,14,21,12,0,None,G32,C1C,3.368000000000E0,None,None
2025-01-07,14,21,13,0,None,G12,C1C,1.233000000000E0,None,None
2025-01-07,14,21,13,0,None,G25,C1C,-2.700000000000E-2,None,None
2025-01-07,14,21,13,0,None,G28,C1C,1.197000000000E0,None,None
2025-01-07,14,21,13,0,None,G29,C1C,1.081000000000E0,None,None
2025-01-07,14,21,13,0,None,G31,C1C,1.921000000000E0,None,None
2025-01-07,14,21,13,0,None,G32,C1C,-4.709000000000E0,None,None
2025-01-07,14,21,14,0,None,G12,C1C,4.128000000000E0,None,None
2025-01-07,14,21,14,0,None,G25,C1C,2.949000000000E0,None,None
2025-01-07,14,21,14,0,None,G28,C1C,-2.600000000000E0,None,None
2025-01-07,14,21,14,0,None,G29,C1C,4.771000000000E0,None,None
2025-01-07,14,21,14,0,None,G31,C1C,1.644000000000E0,None,None
2025-01-07,14,21,14,0,None,G32,C1C,6.334000000000E0,None,None
2025-01-07,14,21,15,0,None,G12,C1C,5.360000000000E-1,None,None
2025-01-07,14,21,15,0,None,G25,C1C,4.500000000000E-2,None,None
2025-01-07,14,21,15,0,None,G28,C1C,5.710000000000E-1,None,None
2025-01-07,14,21,15,0,None,G29,C1C,3.449000000000E0,None,None
2025-01-07,14,21,15,0,None,G31,C1C,1.939000000000E0,None,None
2025-01-07,14,21,15,0,None,G32,C1C,-1.608000000000E0,None,None
2025-01-07,14,21,16,0,None,G12,C1C,-1.018000000000E0,None,None
2025-01-07,14,21,16,0,None,G25,C1C,5.423000000000E0,None,None
2025-01-07,14,21,16,0,None,G28,C1C,1.269000000000E0,None,None
2025-01-07,14,21,16,0,None,G29,C1C,3.467000000000E0,None,None
2025-01-07,14,21,16,0,None,G31,C1C,-7.969000000000E0,None,None
2025-01-07,14,21,16,0,None,G32,C1C,1.858000000000E0,None,None
2025-01-07,14,21,17,0,None,G12,C1C,1.930000000000E0,None,None
2025-01-07,14,21,17,0,None,G25,C1C,9.800000000000E-2,None,None
2025-01-07,14,21,17,0,None,G28,C1C,1.734000000000E0,None,None
2025-01-07,14,21,17,0,None,G29,C1C,2.109000000000E0,None,None
2025-01-07,14,21,17,0,None,G31,C1C,6.477000000000E0,None,None
2025-01-07,14,21,17,0,None,G32,C1C,2.921000000000E0,None,None
2025-01-07,14,21,18,0,None,G12,C1C,4.816000000000E0,None,None
2025-01-07,14,21,18,0,None,G25,C1C,6.236000000000E0,None,None
2025-01-07,14,21,18,0,None,G28,C1C,2.323000000000E0,None,None
2025-01-07,14,21,18,0,None,G29,C1C,8.670000000000E-1,None,None
2025-01-07,14,21,18,0,None,G31,C1C,-2.046000000000E0,None,None
2025-01-07,14,21,18,0,None,G32,C1C,-9.470000000000E-1,None,None
2025-01-07,14,21,19,0,None,G12,C1C,-1.384000000000E0,None,None
2025-01-07,14,21,19,0,None,G25,C1C,1.322000000000E0,None,None
2025-01-07,14,21,19,0,None,G28,C1C,2.206000000000E0,None,None
2025-01-07,14,21,19,0,None,G29,C1C,2.886000000000E0,None,None
2025-01-07,14,21,19,0,None,G31,C1C,1.017700000000E1,None,None
2025-01-07,14,21,19,0,None,G32,C1C,4.673000000000E0,None,None
2025-01-07,14,21,20,0,None,G12,C1C,-2.493000000000E0,None,None
2025-01-07,14,21,20,0,None,G25,C1C,2.734000000000E0,None,None
2025-01-07,14,21,20,0,None,G28,C1C,8.880000000000E0,None,None
2025-01-07,14,21,20,0,None,G29,C1C,2.644000000000E0,None,None
2025-01-07,14,21,20,0,None,G31,C1C,1.970000000000E-1,None,None
2025-01-07,14,21,20,0,None,G32,C1C,4.261000000000E0,None,None
2025-01-07,14,21,21,0,None,G12,C1C,4.664000000000E0,None,None
2025-01-07,14,21,21,0,None,G25,C1C,-8.100000000000E-2,None,None
2025-01-07,14,21,21,0,None,G28,C1C,-4.762000000000E0,None,None
2025-01-07,14,21,21,0,None,G29,C1C,2.135000000000E0,None,None
2025-01-07,14,21,21,0,None,G31,C1C,9.506000000000E0,None,None
2025-01-07,14,21,21,0,None,G32,C1C,2.672000000000E0,None,None
2025-01-07,14,21,22,0,None,G12,C1C,7.371000000000E0,None,None
2025-01-07,14,21,22,0,None,G25,C1C,2.010000000000E0,None,None
2025-01-07,14,21,22,0,None,G28,C1C,1.564000000000E0,None,None
2025-01-07,14,21,22,0,None,G29,C1C,3.672000000000E0,None,None
2025-01-07,14,21,22,0,None,G31,C1C,-1.653000000000E0,None,None
2025-01-07,14,21,22,0,None,G32,C1C,2.912000000000E0,None,None
2025-01-07,14,21,23,0,None,G12,C1C,3.538000000000E0,None,None
2025-01-07,14,21,23,0,None,G25,C1C,3.109000000000E0,None,None
2025-01-07,14,21,23,0,None,G28,C1C,-1.027000000000E0,None,None
2025-01-07,14,21,23,0,None,G29,C1C,7.014000000000E0,None,None
2025-01-07,14,21,23,0,None,G31,C1C,6.165000000000E0,None,None
2025-01-07,14,21,23,0,None,G32,C1C,6.040000000000E0,None,None
2025-01-07,14,21,24,0,None,G12,C1C,3.002000000000E0,None,None
2025-01-07,14,21,24,0,None,G25,C1C,1.430000000000E0,None,None
2025-01-07,14,21,24,0,None,G28,C1C,-3.341000000000E0,None,None
2025-01-07,14,21,24,0,None,G29,C1C,1.224000000000E0,None,None
2025-01-07,14,21,24,0,None,G31,C1C,3.494000000000E0,None,None
2025-01-07,14,21,24,0,None,G32,C1C,4.530000000000E0,None,None
2025-01-07,14,21,25,0,None,G12,C1C,2.386000000000E0,None,None
2025-01-07,14,21,25,0,None,G25,C1C,-1.099000000000E0,None,None
2025-01-07,14,21,25,0,None,G28,C1C,4.172000000000E0,None,None
2025-01-07,14,21,25,0,None,G29,C1C,3.270000000000E0,None,None
2025-01-07,14,21,25,0,None,G31,C1C,9.203000000000E0,None,None
2025-01-07,14,21,25,0,None,G32,C1C,4.494000000000E0,None,None
2025-01-07,14,21,26,0,None,G12,C1C,3.226000000000E0,None,None
2025-01-07,14,21,26,0,None,G25,C1C,1.099000000000E0,None,None
2025-01-07,14,21,26,0,None,G28,C1C,1.867000000000E0,None,None
2025-01-07,14,21,26,0,None,G29,C1C,2.010000000000E0,None,None
2025-01-07,14,21,26,0,None,G31,C1C,2.618000000000E0,None,None
2025-01-07,14,21,26,0,None,G32,C1C,3.110000000000E0,None,None
2025-01-07,14,21,27,0,None,G12,C1C,8.130000000000E-1,None,None
2025-01-07,14,21,27,0,None,G25,C1C,3.556000000000E0,None,None
2025-01-07,14,21,27,0,None,G28,C1C,3.750000000000E-1,None,None
2025-01-07,14,21,27,0,None,G29,C1C,7.870000000000E-1,None,None
2025-01-07,14,21,27,0,None,G31,C1C,-1.430000000000E0,None,None
2025-01-07,14,21,27,0,None,G32,C1C,4.619000000000E0,None,None
2025-01-07,14,21,28,0,None,G12,C1C,3.386000000000E0,None,None
2025-01-07,14,21,28,0,None,G25,C1C,5.424000000000E0,None,None
2025-01-07,14,21,28,0,None,G28,C1C,2.770000000000E-1,None,None
2025-01-07,14,21,28,0,None,G29,C1C,3.512000000000E0,None,None
2025-01-07,14,21,28,0,None,G31,C1C,9.110000000000E-1,None,None
2025-01-07,14,21,28,0,None,G32,C1C,1.430000000000E0,None,None
2025-01-07,14,21,29,0,None,G12,C1C,-4.369000000000E0,None,None
2025-01-07,14,21,29,0,None,G25,C1C,2.448000000000E0,None,None
2025-01-07,14,21,29,0,None,G28,C1C,3.047000000000E0,None,None
2025-01-07,14,21,29,0,None,G29,C1C,4.199000000000E0,None,None
2025-01-07,14,21,29,0,None,G31,C1C,-3.458000000000E0,None,None
2025-01-07,14,21,29,0,None,G32,C1C,-7.648000000000E0,None,None
2025-01-07,14,21,30,0,None,G12,C1C,3.922000000000E0,None,None
2025-01-07,14,21,30,0,None,G25,C1C,9.020000000000E-1,None,None
2025-01-07,14,21,30,0,None,G28,C1C,3.466000000000E0,None,None
2025-01-07,14,21,30,0,None,G29,C1C,2.350000000000E0,None,None
2025-01-07,14,21,30,0,None,G31,C1C,5.379000000000E0,None,None
2025-01-07,14,21,30,0,None,G32,C1C,-8.750000000000E-1,None,None
2025-01-07,14,21,31,0,None,G12,C1C,3.520000000000E0,None,None
2025-01-07,14,21,31,0,None,G25,C1C,2.153000000000E0,None,None
2025-01-07,14,21,31,0,None,G28,C1C,-7.150000000000E-1,None,None
2025-01-07,14,21,31,0,None,G29,C1C,-1.215000000000E0,None,None
2025-01-07,14,21,31,0,None,G31,C1C,4.020000000000E0,None,None
2025-01-07,14,21,31,0,None,G32,C1C,-5.093000000000E0,None,None
2025-01-07,14,21,32,0,None,G12,C1C,5.092000000000E0,None,None
2025-01-07,14,21,32,0,None,G25,C1C,2.430000000000E0,None,None
2025-01-07,14,21,32,0,None,G28,C1C,6.790000000000E-1,None,None
2025-01-07,14,21,32,0,None,G29,C1C,7.094000000000E0,None,None
2025-01-07,14,21,32,0,None,G31,C1C,-1.644000000000E0,None,None
2025-01-07,14,21,32,0,None,G32,C1C,-3.824000000000E0,None,None
2025-01-07,14,21,33,0,None,G12,C1C,8.390000000000E-1,None,None
2025-01-07,14,21,33,0,None,G25,C1C,-1.448000000000E0,None,None
2025-01-07,14,21,33,0,None,G28,C1C,4.360000000000E0,None,None
2025-01-07,14,21,33,0,None,G29,C1C,-3.395000000000E0,None,None
2025-01-07,14,21,33,0,None,G31,C1C,1.242000000000E0,None,None
2025-01-07,14,21,33,0,None,G32,C1C,3.967000000000E0,None,None
2025-01-07,14,21,34,0,None,G12,C1C,5.289000000000E0,None,None
2025-01-07,14,21,34,0,None,G25,C1C,1.099000000000E0,None,None
2025-01-07,14,21,34,0,None,G28,C1C,-7.060000000000E-1,None,None
2025-01-07,14,21,34,0,None,G29,C1C,3.726000000000E0,None,None
2025-01-07,14,21,34,0,None,G31,C1C,5.459000000000E0,None,None
2025-01-07,14,21,34,0,None,G32,C1C,-8.040000000000E-1,None,None
2025-01-07,14,21,35,0,None,G12,C1C,0.000000000000E0,None,None
2025-01-07,14,21,35,0,None,G25,C1C,-1.690000000000E-1,None,None
2025-01-07,14,21,35,0,None,G28,C1C,4.092000000000E0,None,None
2025-01-07,14,21,35,0,None,G29,C1C,4.163000000000E0,None,None
2025-01-07,14,21,35,0,None,G31,C1C,1.960000000000E-1,None,None
2025-01-07,14,21,35,0,None,G32,C1C,9.667000000000E0,None,None
2025-01-07,14,21,36,0,None,G12,C1C,-2.626000000000E0,None,None
2025-01-07,14,21,36,0,None,G25,C1C,1.832000000000E0,None,None
2025-01-07,14,21,36,0,None,G28,C1C,5.400000000000E-2,None,None
2025-01-07,14,21,36,0,None,G29,C1C,3.359000000000E0,None,None
2025-01-07,14,21,36,0,None,G31,C1C,-1.983000000000E0,None,None
2025-01-07,14,21,36,0,None,G32,C1C,2.395000000000E0,None,None
2025-01-07,14,21,37,0,None,G12,C1C,6.352000000000E0,None,None
2025-01-07,14,21,37,0,None,G25,C1C,6.130000000000E0,None,None
2025-01-07,14,21,37,0,None,G28,C1C,4.342000000000E0,None,None
2025-01-07,14,21,37,0,None,G29,C1C,1.626000000000E0,None,None
2025-01-07,14,21,37,0,None,G31,C1C,8.193000000000E0,None,None
2025-01-07,14,21,37,0,None,G32,C1C,7.320000000000E-1,None,None
2025-01-07,14,21,38,0,None,G12,C1C,7.330000000000E-1,None,None
2025-01-07,14,21,38,0,None,G25,C1C,2.269000000000E0,None,None
2025-01-07,14,21,38,0,None,G28,C1C,3.180000000000E0,None,None
2025-01-07,14,21,38,0,None,G29,C1C,-1.090000000000E0,None,None
2025-01-07,14,21,38,0,None,G31,C1C,8.488000000000E0,None,None
2025-01-07,14,21,38,0,None,G32,C1C,5.810000000000E-1,None,None
2025-01-07,14,21,39,0,None,G12,C1C,3.840000000000E-1,None,None
2025-01-07,14,21,39,0,None,G25,C1C,4.730000000000E-1,None,None
2025-01-07,14,21,39,0,None,G28,C1C,2.359000000000E0,None,None
2025-01-07,14,21,39,0,None,G29,C1C,-1.070000000000E-1,None,None
2025-01-07,14,21,39,0,None,G31,C1C,-1.126000000000E0,None,None
2025-01-07,14,21,39,0,None,G32,C1C,3.708000000000E0,None,None
2025-01-07,14,21,40,0,None,G12,C1C,5.182000000000E0,None,None
2025-01-07,14,21,40,0,None,G25,C1C,1.224000000000E0,None,None
2025-01-07,14,21,40,0,None,G28,C1C,2.251000000000E0,None,None
2025-01-07,14,21,40,0,None,G29,C1C,1.492000000000E0,None,None
2025-01-07,14,21,40,0,None,G31,C1C,2.707000000000E0,None,None
2025-01-07,14,21,40,0,None,G32,C1C,3.538000000000E0,None,None
2025-01-07,14,21,41,0,None,G12,C1C,-5.100000000000E-1,None,None
2025-01-07,14,21,41,0,None,G25,C1C,3.654000000000E0,None,None
2025-01-07,14,21,41,0,None,G28,C1C,4.432000000000E0,None,None
2025-01-07,14,21,41,0,None,G29,C1C,3.386000000000E0,None,None
2025-01-07,14,21,41,0,None,G31,C1C,-1.698000000000E0,None,None
2025-01-07,14,21,41,0,None,G32,C1C,6.084000000000E0,None,None
2025-01-07,14,21,42,0,None,G12,C1C,2.573000000000E0,None,None
2025-01-07,14,21,42,0,None,G25,C1C,-1.260000000000E0,None,None
2025-01-07,14,21,42,0,None,G28,C1C,4.834000000000E0,None,None
2025-01-07,14,21,42,0,None,G29,C1C,-1.661000000000E0,None,None
2025-01-07,14,21,42,0,None,G31,C1C,-4.521000000000E0,None,None
2025-01-07,14,21,42,0,None,G32,C1C,3.332000000000E0,None,None
2025-01-07,14,21,43,0,None,G12,C1C,1.903000000000E0,None,None
2025-01-07,14,21,43,0,None,G25,C1C,2.055000000000E0,None,None
2025-01-07,14,21,43,0,None,G28,C1C,-1.563000000000E0,None,None
2025-01-07,14,21,43,0,None,G29,C1C,-2.940000000000E-1,None,None
2025-01-07,14,21,43,0,None,G31,C1C,-2.404000000000E0,None,None
2025-01-07,14,21,43,0,None,G32,C1C,5.897000000000E0,None,None
2025-01-07,14,21,44,0,None,G12,C1C,-8.400000000000E-1,None,None
2025-01-07,14,21,44,0,None,G25,C1C,5.120000000000E0,None,None
2025-01-07,14,21,44,0,None,G28,C1C,2.492000000000E0,None,None
2025-01-07,14,21,44,0,None,G29,C1C,1.153000000000E0,None,None
2025-01-07,14,21,44,0,None,G31,C1C,4.092000000000E0,None,None
2025-01-07,14,21,44,0,None,G32,C1C,-4.235000000000E0,None,None
2025-01-07,14,21,45,0,None,G12,C1C,-2.118000000000E0,None,None
2025-01-07,14,21,45,0,None,G25,C1C,3.101000000000E0,None,None
2025-01-07,14,21,45,0,None,G28,C1C,5.048000000000E0,None,None
2025-01-07,14,21,45,0,None,G29,C1C,1.439000000000E0,None,None
2025-01-07,14,21,45,0,None,G31,C1C,5.111000000000E0,None,None
2025-01-07,14,21,45,0,None,G32,C1C,-2.940000000000E0,None,None
2025-01-07,14,21,46,0,None,G12,C1C,-7.950000000000E-1,None,None
2025-01-07,14,21,46,0,None,G25,C1C,1.617000000000E0,None,None
2025-01-07,14,21,46,0,None,G28,C1C,1.787000000000E0,None,None
2025-01-07,14,21,46,0,None,G29,C1C,3.788000000000E0,None,None
2025-01-07,14,21,46,0,None,G31,C1C,3.440000000000E0,None,None
2025-01-07,14,21,46,0,None,G32,C1C,2.054000000000E1,None,None
2025-01-07,14,21,47,0,None,G12,C1C,8.139000000000E0,None,None
2025-01-07,14,21,47,0,None,G25,C1C,-1.733000000000E0,None,None
2025-01-07,14,21,47,0,None,G28,C1C,3.040000000000E-1,None,None
2025-01-07,14,21,47,0,None,G29,C1C,1.233000000000E0,None,None
2025-01-07,14,21,47,0,None,G31,C1C,-3.261000000000E0,None,None
2025-01-07,14,21,47,0,None,G32,C1C,1.752900000000E1,None,None
2025-01-07,14,21,48,0,None,G12,C1C,3.220000000000E-1,None,None
2025-01-07,14,21,48,0,None,G25,C1C,1.358000000000E0,None,None
2025-01-07,14,21,48,0,None,G28,C1C,3.904000000000E0,None,None
2025-01-07,14,21,48,0,None,G29,C1C,2.529000000000E0,None,None
2025-01-07,14,21,48,0,None,G31,C1C,2.680000000000E-1,None,None
2025-01-07,14,21,48,0,None,G32,C1C,3.490000000000E-1,None,None
2025-01-07,14,21,49,0,None,G12,C1C,2.743000000000E0,None,None
2025-01-07,14,21,49,0,None,G25,C1C,-4.550000000000E-1,None,None
2025-01-07,14,21,49,0,None,G28,C1C,2.216000000000E0,None,None
2025-01-07,14,21,49,0,None,G29,C1C,3.279000000000E0,None,None
2025-01-07,14,21,49,0,None,G31,C1C,-2.054000000000E0,None,None
2025-01-07,14,21,49,0,None,G32,C1C,-9.998000000000E0,None,None
2025-01-07,14,21,50,0,None,G12,C1C,-1.724000000000E0,None,None
2025-01-07,14,21,50,0,None,G25,C1C,9.740000000000E-1,None,None
2025-01-07,14,21,50,0,None,G28,C1C,1.635000000000E0,None,None
2025-01-07,14,21,50,0,None,G29,C1C,2.590000000000E-1,None,None
2025-01-07,14,21,50,0,None,G31,C1C,4.288000000000E0,None,None
2025-01-07,14,21,50,0,None,G32,C1C,-1.956000000000E0,None,None
2025-01-07,14,21,51,0,None,G12,C1C,6.004000000000E0,None,None
2025-01-07,14,21,51,0,None,G25,C1C,-1.610000000000E-1,None,None
2025-01-07,14,21,51,0,None,G28,C1C,3.878000000000E0,None,None
2025-01-07,14,21,51,0,None,G29,C1C,-2.320000000000E-1,None,None
2025-01-07,14,21,51,0,None,G31,C1C,2.976000000000E0,None,None
2025-01-07,14,21,51,0,None,G32,C1C,-2.448000000000E0,None,None
2025-01-07,14,21,52,0,None,G12,C1C,3.592000000000E0,None,None
2025-01-07,14,21,52,0,None,G25,C1C,6.638000000000E0,None,None
2025-01-07,14,21,52,0,None,G28,C1C,-1.269000000000E0,None,None
2025-01-07,14,21,52,0,None,G29,C1C,-1.948000000000E0,None,None
2025-01-07,14,21,52,0,None,G31,C1C,3.573000000000E0,None,None
2025-01-07,14,21,52,0,None,G32,C1C,7.907000000000E0,None,None
2025-01-07,14,21,53,0,None,G12,C1C,6.147000000000E0,None,None
2025-01-07,14,21,53,0,None,G25,C1C,2.546000000000E0,None,None
2025-01-07,14,21,53,0,None,G28,C1C,5.057000000000E0,None,None
2025-01-07,14,21,53,0,None,G29,C1C,4.574000000000E0,None,None
2025-01-07,14,21,53,0,None,G31,C1C,8.490000000000E-1,None,None
2025-01-07,14,21,53,0,None,G32,C1C,1.751000000000E0,None,None
2025-01-07,14,21,54,0,None,G12,C1C,-6.970000000000E-1,None,None
2025-01-07,14,21,54,0,None,G25,C1C,2.189000000000E0,None,None
2025-01-07,14,21,54,0,None,G28,C1C,5.810000000000E-1,None,None
2025-01-07,14,21,54,0,None,G29,C1C,9.200000000000E-1,None,None
2025-01-07,14,21,54,0,None,G31,C1C,1.626000000000E0,None,None
2025-01-07,14,21,54,0,None,G32,C1C,3.672000000000E0,None,None
2025-01-07,14,21,55,0,None,G12,C1C,2.690000000000E0,None,None
2025-01-07,14,21,55,0,None,G25,C1C,-2.690000000000E0,None,None
2025-01-07,14,21,55,0,None,G28,C1C,5.021000000000E0,None,None
2025-01-07,14,21,55,0,None,G29,C1C,-3.770000000000E0,None,None
2025-01-07,14,21,55,0,None,G31,C1C,-1.743000000000E0,None,None
2025-01-07,14,21,55,0,None,G32,C1C,8.800000000000E0,None,None
2025-01-07,14,21,56,0,None,G12,C1C,-1.760000000000E0,None,None
2025-01-07,14,21,56,0,None,G25,C1C,8.130000000000E-1,None,None
2025-01-07,14,21,56,0,None,G28,C1C,-7.100000000000E-2,None,None
2025-01-07,14,21,56,0,None,G29,C1C,-8.040000000000E-1,None,None
2025-01-07,14,21,56,0,None,G31,C1C,5.512000000000E0,None,None
2025-01-07,14,21,56,0,None,G32,C1C,6.700000000000E-1,None,None
2025-01-07,14,21,57,0,None,G12,C1C,4.744000000000E0,None,None
2025-01-07,14,21,57,0,None,G25,C1C,3.207000000000E0,None,None
2025-01-07,14,21,57,0,None,G28,C1C,3.333000000000E0,None,None
2025-01-07,14,21,57,0,None,G29,C1C,2.091000000000E0,None,None
2025-01-07,14,21,57,0,None,G31,C1C,4.164000000000E0,None,None
2025-01-07,14,21,57,0,None,G32,C1C,9.265000000000E0,None,None
2025-01-07,14,21,58,0,None,G12,C1C,5.933000000000E0,None,None
2025-01-07,14,21,58,0,None,G25,C1C,-4.342000000000E0,None,None
2025-01-07,14,21,58,0,None,G28,C1C,5.307000000000E0,None,None
2025-01-07,14,21,58,0,None,G29,C1C,2.439000000000E0,None,None
2025-01-07,14,21,58,0,None,G31,C1C,-1.850000000000E0,None,None
2025-01-07,14,21,58,0,None,G32,C1C,6.290000000000E0,None,None
2025-01-07,14,21,59,0,None,G12,C1C,5.208000000000E0,None,None
2025-01-07,14,21,59,0,None,G25,C1C,4.968000000000E0,None,None
2025-01-07,14,21,59,0,None,G28,C1C,2.278000000000E0,None,None
2025-01-07,14,21,59,0,None,G29,C1C,-3.310000000000E-1,None,None
2025-01-07,14,21,59,0,None,G31,C1C,-1.206000000000E0,None,None
2025-01-07,14,21,59,0,None,G32,C1C,2.912000000000E0,None,None
